 ,Trajectory,Frame,x,y,z,m0,m1,m2,m3,m4,NPscore
1,1,0,49.461,15.389,0,3.112,1.565,3.023,6.446,14.772,0.200
2,1,1,49.331,15.338,0,3.354,1.370,2.325,4.314,8.570,0.200
3,1,2,49.335,14.836,0,3.235,1.450,2.613,5.203,11.191,0.250
4,2,0,32.772,18.522,0,2.815,1.491,2.766,5.679,12.618,0.230
5,2,1,32.837,18.847,0,2.722,1.443,2.608,5.234,11.403,0.260
6,3,0,72.060,22.740,0,3.651,1.402,2.442,4.689,9.718,0.200
7,3,1,72.286,23.273,0,2.679,1.351,2.288,4.286,8.715,0.202
8,3,2,72.435,23.522,0,2.964,1.300,2.108,3.730,7.060,0.250
9,3,3,72.261,23.288,0,2.964,1.396,2.429,4.661,9.666,0.200
10,3,4,72.615,24.365,0,2.987,1.503,2.798,5.757,12.770,0.249
11,3,5,72.860,23.997,0,3.196,1.478,2.761,5.758,13.050,0.200
12,3,6,72.829,23.923,0,2.472,1.403,2.493,4.933,10.629,0.349
13,4,0,40.711,66.436,0,2.621,1.476,2.743,5.679,12.780,0.230
14,4,1,41.654,65.674,0,2.426,1.409,2.517,5.032,11.001,0.207
15,5,1,42.578,35.829,0,2.609,1.478,2.719,5.526,12.107,0.262
16,5,2,41.226,35.392,0,2.596,1.281,2.090,3.788,7.516,0.250
17,5,3,41.216,35.624,0,2.391,1.443,2.637,5.384,11.978,0.282
18,6,2,62.949,51.316,0,2.291,1.410,2.551,5.185,11.547,0.250
19,6,3,62.552,51.378,0,2.660,1.313,2.155,3.879,7.511,0.200
20,7,3,19.152,10.317,0,3.117,1.505,2.822,5.871,13.215,0.200
21,7,4,19.784,10.042,0,2.795,1.519,2.874,6.035,13.713,0.224
22,7,5,19.915,9.751,0,2.743,1.523,2.859,5.904,13.104,0.200
23,7,6,20.277,10.066,0,3.193,1.410,2.482,4.827,10.157,0.143
24,7,7,19.663,10.535,0,2.878,1.444,2.596,5.162,11.105,0.374
25,7,8,19.801,10.463,0,2.861,1.456,2.626,5.221,11.186,0.127
26,7,9,19.578,11.385,0,2.613,1.403,2.443,4.678,9.638,0.237
27,8,4,49.087,14.633,0,3.585,1.527,2.916,6.192,14.251,0.200
28,8,5,48.524,15.248,0,4.063,1.552,2.979,6.321,14.476,0.200
29,9,4,28.534,65.046,0,2.551,1.394,2.447,4.769,10.116,0.200
30,9,5,28.659,65.202,0,2.492,1.367,2.339,4.419,9.040,0.231
31,10,5,64.284,61.620,0,2.314,1.342,2.262,4.204,8.456,0.231
32,10,6,63.826,61.538,0,2.326,1.374,2.365,4.499,9.274,0.195
33,11,6,62.834,50.379,0,2.934,1.502,2.803,5.802,13.002,0.143
34,11,7,62.552,50.495,0,3.046,1.425,2.542,5.028,10.793,0.311
35,12,6,70.462,52.581,0,2.571,1.454,2.646,5.348,11.729,0.212
36,12,7,70.909,51.663,0,2.903,1.414,2.508,4.937,10.564,0.400
37,12,8,70.290,51.243,0,2.470,1.430,2.565,5.081,10.865,0.248
38,12,9,69.976,51.226,0,2.437,1.429,2.561,5.081,10.924,0.283
39,12,10,69.966,51.353,0,2.635,1.426,2.550,5.055,10.875,0.351
40,12,11,70.161,51.048,0,2.323,1.399,2.464,4.812,10.204,0.363
41,12,12,70.205,51.322,0,2.540,1.443,2.594,5.165,11.157,0.207
42,12,13,70.285,51.634,0,2.734,1.417,2.518,4.973,10.683,0.200
43,12,14,70.850,52.443,0,3.221,1.338,2.246,4.146,8.263,0.200
44,12,15,70.766,52.621,0,3.184,1.414,2.488,4.830,10.126,0.251
45,12,16,71.253,52.327,0,3.915,1.385,2.387,4.513,9.165,0.333
46,12,17,71.175,52.641,0,2.989,1.340,2.241,4.119,8.154,0.333
47,12,18,70.726,52.285,0,2.420,1.404,2.484,4.900,10.553,0.200
48,12,19,71.752,52.083,0,2.749,1.402,2.460,4.783,10.083,0.216
49,12,20,71.729,52.355,0,3.345,1.443,2.617,5.289,11.649,0.200
50,13,7,46.680,15.534,0,3.806,1.559,2.990,6.331,14.429,0.200
51,13,8,46.779,15.419,0,3.081,1.558,2.987,6.325,14.430,0.125
52,13,9,46.404,15.314,0,3.489,1.544,2.927,6.105,13.680,0.167
53,13,10,46.827,15.171,0,3.598,1.529,2.883,5.999,13.459,0.200
54,14,7,44.389,33.367,0,2.500,1.321,2.210,4.099,8.270,0.200
55,14,8,44.142,33.396,0,2.467,1.305,2.142,3.855,7.456,0.126
56,15,8,28.416,65.009,0,2.201,1.375,2.387,4.609,9.693,0.166
57,15,9,28.490,65.185,0,2.382,1.409,2.473,4.790,10.022,0.276
58,16,9,71.713,24.487,0,2.761,1.410,2.520,5.026,10.941,0.209
59,16,10,71.934,24.446,0,2.969,1.365,2.371,4.603,9.786,0.201
60,16,11,72.253,24.434,0,2.666,1.462,2.719,5.666,12.887,0.170
61,17,10,15.450,34.662,0,2.620,1.343,2.252,4.145,8.216,0.218
62,17,11,16.291,34.465,0,1.936,1.370,2.354,4.470,9.194,0.171
63,18,11,18.886,11.519,0,2.347,1.399,2.421,4.595,9.363,0.362
64,18,12,18.699,12.392,0,2.198,1.326,2.217,4.092,8.173,0.151
65,18,13,18.738,12.772,0,2.225,1.336,2.216,4.007,7.734,0.200
66,19,12,65.185,11.930,0,2.507,1.500,2.830,5.954,13.600,0.157
67,19,13,65.606,11.556,0,2.624,1.521,2.922,6.270,14.612,0.200
68,20,12,46.258,14.637,0,3.171,1.517,2.836,5.842,12.957,0.143
69,20,13,46.811,14.681,0,3.125,1.478,2.703,5.454,11.879,0.392
70,20,14,46.786,14.745,0,2.708,1.551,2.968,6.273,14.270,0.200
71,21,12,50.450,46.120,0,2.692,1.463,2.655,5.312,11.457,0.186
72,21,13,50.743,45.518,0,3.123,1.475,2.674,5.313,11.322,0.392
73,21,14,50.095,45.626,0,2.570,1.378,2.379,4.545,9.407,0.227
74,21,15,50.516,46.274,0,3.438,1.350,2.264,4.144,8.107,0.251
75,21,16,51.240,46.561,0,3.228,1.354,2.306,4.334,8.810,0.333
76,21,17,51.212,46.745,0,3.434,1.350,2.292,4.299,8.732,0.333
77,21,18,50.284,46.907,0,2.785,1.439,2.606,5.244,11.454,0.200
78,22,15,53.532,37.592,0,2.616,1.426,2.499,4.805,9.936,0.250
79,22,16,53.513,37.557,0,3.502,1.509,2.795,5.681,12.391,0.333
80,22,17,53.673,37.117,0,2.927,1.471,2.674,5.358,11.566,0.333
81,23,18,44.654,34.671,0,3.233,1.570,3.026,6.423,14.661,0.200
82,23,19,44.685,35.489,0,2.561,1.522,2.887,6.087,13.913,0.200
83,23,20,45.177,35.173,0,2.634,1.418,2.500,4.860,10.191,0.383
84,24,19,18.687,12.609,0,2.118,1.420,2.530,4.996,10.698,0.202
85,24,20,18.728,13.000,0,2.190,1.330,2.258,4.281,8.885,0.200
86,25,20,72.040,24.231,0,2.710,1.420,2.567,5.208,11.587,0.466
87,25,21,72.287,24.508,0,2.563,1.319,2.233,4.244,8.897,0.205
88,25,22,72.415,24.403,0,2.436,1.380,2.429,4.795,10.402,0.200
89,25,23,72.168,24.057,0,2.519,1.569,3.082,6.716,15.804,0.200
90,26,20,43.621,62.557,0,2.688,1.459,2.643,5.276,11.340,0.408
91,26,21,43.553,61.678,0,2.706,1.607,3.172,6.893,16.065,0.208
92,26,22,43.517,61.671,0,3.272,1.603,3.151,6.837,15.957,0.200
93,27,21,59.842,13.638,0,2.291,1.323,2.206,4.069,8.146,0.205
94,27,22,59.455,13.117,0,2.862,1.377,2.378,4.542,9.408,0.200
95,27,23,59.274,12.943,0,3.122,1.315,2.190,4.038,8.086,0.200
96,27,24,59.003,13.289,0,2.854,1.391,2.448,4.788,10.187,0.255
97,27,25,58.728,13.715,0,3.638,1.473,2.715,5.557,12.329,0.250
98,27,26,59.387,13.666,0,2.784,1.380,2.396,4.612,9.647,0.308
99,28,21,50.870,46.358,0,2.304,1.464,2.660,5.341,11.583,0.200
100,28,22,51.564,46.420,0,3.311,1.446,2.589,5.108,10.878,0.200
101,28,23,51.200,46.457,0,2.733,1.363,2.332,4.410,9.039,0.200
102,28,24,51.414,46.666,0,2.565,1.338,2.272,4.279,8.772,0.201
103,28,25,51.594,46.127,0,2.892,1.299,2.137,3.889,7.688,0.263
104,28,26,51.960,45.969,0,2.645,1.395,2.464,4.856,10.445,0.356
105,28,27,51.633,46.165,0,3.118,1.387,2.408,4.623,9.628,0.176
106,28,28,50.846,46.799,0,3.350,1.411,2.478,4.803,10.056,0.292
107,29,22,70.081,52.469,0,3.569,1.518,2.905,6.213,14.454,0.200
108,29,23,70.388,52.493,0,3.385,1.553,3.013,6.507,15.237,0.200
109,29,24,70.932,52.629,0,3.016,1.393,2.451,4.810,10.321,0.254
110,29,25,71.322,53.193,0,2.978,1.381,2.364,4.422,8.856,0.263
111,29,26,71.591,53.217,0,2.773,1.441,2.582,5.098,10.854,0.293
112,29,27,71.162,53.841,0,2.987,1.447,2.618,5.246,11.380,0.286
113,29,28,70.719,54.388,0,3.242,1.419,2.503,4.878,10.285,0.385
114,30,26,35.897,53.182,0,3.003,1.426,2.549,5.057,10.897,0.219
115,30,27,36.042,53.431,0,2.702,1.496,2.798,5.800,12.997,0.252
116,30,28,35.692,53.291,0,2.434,1.396,2.438,4.721,9.938,0.167
117,30,29,35.503,53.363,0,2.623,1.447,2.626,5.293,11.590,0.301
118,30,30,35.349,52.370,0,2.585,1.450,2.614,5.219,11.289,0.215
119,30,31,35.260,52.157,0,3.514,1.482,2.723,5.522,12.077,0.200
120,30,32,34.919,53.136,0,3.098,1.515,2.881,6.105,14.042,0.167
121,30,33,35.517,52.789,0,3.162,1.497,2.789,5.762,12.898,0.167
122,30,34,36.193,54.096,0,2.559,1.364,2.359,4.548,9.575,0.553
123,31,26,62.535,61.843,0,2.532,1.369,2.345,4.436,9.087,0.261
124,31,27,62.888,61.862,0,2.341,1.382,2.391,4.565,9.408,0.167
125,32,27,44.664,59.325,0,3.033,1.465,2.700,5.546,12.383,0.277
126,32,28,43.574,59.138,0,3.174,1.404,2.479,4.862,10.364,0.330
127,32,29,43.527,59.058,0,3.431,1.472,2.703,5.498,12.105,0.167
128,32,30,43.227,60.204,0,2.443,1.494,2.792,5.783,12.955,0.215
129,32,31,43.276,60.665,0,2.607,1.507,2.838,5.939,13.476,0.200
130,32,32,43.296,61.765,0,2.302,1.373,2.375,4.547,9.436,0.260
131,33,28,43.852,38.846,0,2.809,1.516,2.864,6.002,13.618,0.167
132,33,29,44.119,38.328,0,2.676,1.464,2.671,5.400,11.801,0.297
133,34,29,43.016,10.403,0,3.016,1.540,2.933,6.162,13.925,0.167
134,34,30,42.906,10.432,0,3.080,1.484,2.736,5.574,12.265,0.212
135,34,31,42.541,10.741,0,3.156,1.404,2.479,4.870,10.416,0.200
136,34,32,42.385,10.726,0,2.987,1.365,2.349,4.481,9.295,0.207
137,34,33,42.088,10.918,0,3.415,1.421,2.537,5.025,10.798,0.167
138,34,34,41.235,11.385,0,3.750,1.447,2.610,5.208,11.255,0.200
139,34,35,41.179,11.298,0,3.829,1.422,2.516,4.914,10.382,0.143
140,34,36,41.177,11.655,0,4.490,1.435,2.571,5.088,10.883,0.200
141,34,37,40.622,11.808,0,3.433,1.422,2.515,4.909,10.354,0.255
142,35,30,70.824,55.134,0,3.001,1.424,2.513,4.874,10.171,0.212
143,35,31,71.013,54.625,0,2.215,1.373,2.390,4.645,9.866,0.343
144,35,32,71.625,54.676,0,2.858,1.339,2.241,4.129,8.227,0.207
145,35,33,71.531,55.047,0,2.697,1.446,2.611,5.217,11.282,0.171
146,35,34,71.207,55.036,0,2.681,1.429,2.587,5.223,11.491,0.224
147,36,32,18.873,12.316,0,2.181,1.375,2.392,4.631,9.762,0.250
148,36,33,19.090,12.197,0,2.291,1.438,2.598,5.214,11.367,0.213
149,37,32,61.372,39.462,0,2.366,1.426,2.586,5.251,11.662,0.186
150,37,33,60.943,39.490,0,1.880,1.297,2.144,3.940,7.910,0.167
151,38,33,53.484,18.890,0,2.437,1.431,2.532,4.922,10.291,0.217
152,38,34,53.607,18.703,0,2.589,1.374,2.353,4.426,8.969,0.522
153,39,34,68.425,24.726,0,2.506,1.384,2.407,4.629,9.640,0.486
154,39,35,67.641,25.974,0,2.551,1.479,2.731,5.588,12.373,0.187
155,39,36,67.745,25.664,0,2.659,1.356,2.295,4.265,8.518,0.337
156,39,37,68.030,25.514,0,2.743,1.442,2.633,5.369,11.916,0.244
157,40,35,70.928,34.860,0,2.507,1.426,2.583,5.226,11.535,0.187
158,40,36,70.565,35.379,0,2.572,1.359,2.301,4.284,8.591,0.339
159,40,37,71.092,34.908,0,3.272,1.411,2.507,4.954,10.639,0.255
160,40,38,71.197,35.137,0,3.075,1.411,2.484,4.824,10.113,0.366
161,40,39,71.270,35.186,0,2.376,1.480,2.729,5.562,12.226,0.127
162,41,35,61.083,38.441,0,2.205,1.303,2.135,3.841,7.444,0.143
163,41,36,61.542,38.592,0,2.489,1.272,2.028,3.533,6.604,0.205
164,42,36,70.343,52.729,0,3.634,1.520,2.853,5.903,13.153,0.200
165,42,37,71.153,52.248,0,2.939,1.440,2.639,5.435,12.270,0.288
166,42,38,70.624,52.515,0,3.695,1.455,2.641,5.308,11.559,0.333
167,42,39,71.141,52.628,0,2.525,1.372,2.381,4.601,9.700,0.197
168,42,40,71.355,52.399,0,2.631,1.428,2.552,5.058,10.870,0.170
169,43,38,36.076,54.327,0,2.863,1.394,2.451,4.783,10.138,0.366
170,43,39,36.703,54.584,0,2.461,1.324,2.227,4.159,8.476,0.184
171,43,40,36.886,54.545,0,2.403,1.309,2.149,3.870,7.497,0.172
172,43,41,37.049,53.723,0,2.596,1.310,2.163,3.938,7.758,0.250
173,43,42,37.503,53.620,0,2.393,1.377,2.384,4.585,9.601,0.201
174,44,39,19.452,11.566,0,2.275,1.352,2.281,4.229,8.452,0.180
175,44,40,19.756,11.600,0,2.578,1.381,2.378,4.505,9.216,0.184
176,45,39,55.382,16.401,0,3.475,1.622,3.206,6.955,16.144,0.125
177,45,40,55.018,17.353,0,3.134,1.523,2.885,6.066,13.807,0.143
178,45,41,55.289,17.408,0,3.153,1.474,2.709,5.531,12.253,0.285
179,45,42,54.487,18.156,0,2.932,1.564,3.024,6.472,14.945,0.230
180,45,43,54.347,18.541,0,3.362,1.527,2.880,6.004,13.515,0.204
181,45,44,54.187,18.350,0,4.059,1.534,2.900,6.049,13.579,0.200
182,45,45,53.579,18.148,0,4.031,1.592,3.096,6.617,15.174,0.167
183,45,46,53.476,17.646,0,4.250,1.554,2.944,6.110,13.575,0.167
184,45,47,52.786,18.044,0,3.844,1.599,3.123,6.703,15.424,0.250
185,45,48,52.459,17.499,0,3.567,1.561,2.974,6.217,13.927,0.200
186,45,49,52.332,17.766,0,3.468,1.522,2.829,5.773,12.638,0.328
187,45,50,51.625,18.247,0,3.494,1.443,2.592,5.138,10.991,0.251
188,45,51,51.714,17.635,0,3.198,1.441,2.572,5.048,10.648,0.333
189,45,52,51.382,18.262,0,3.131,1.365,2.338,4.428,9.080,0.250
190,45,53,51.343,18.163,0,3.245,1.446,2.602,5.169,11.084,0.258
191,46,40,72.599,23.931,0,3.429,1.576,3.064,6.577,15.196,0.143
192,46,41,73.225,24.221,0,3.205,1.528,2.913,6.178,14.215,0.422
193,46,42,72.522,24.373,0,3.085,1.593,3.153,6.939,16.521,0.190
194,46,43,72.562,24.603,0,3.642,1.514,2.869,6.062,13.925,0.204
195,46,44,73.436,24.697,0,2.909,1.439,2.591,5.179,11.252,0.404
196,46,45,73.328,24.647,0,2.814,1.382,2.398,4.621,9.702,0.339
197,46,46,73.544,24.258,0,2.676,1.357,2.312,4.352,8.889,0.183
198,46,47,74.163,24.332,0,2.983,1.418,2.498,4.842,10.104,0.260
199,47,42,71.651,53.190,0,2.777,1.546,2.959,6.258,14.258,0.208
200,47,43,71.579,52.430,0,2.917,1.476,2.729,5.610,12.521,0.200
201,47,44,71.010,52.191,0,3.022,1.388,2.443,4.812,10.374,0.249
202,47,45,71.274,52.227,0,2.772,1.379,2.385,4.559,9.448,0.336
203,48,43,60.725,12.447,0,2.043,1.313,2.211,4.180,8.722,0.321
204,48,44,60.379,12.545,0,2.298,1.218,1.882,3.182,5.792,0.200
205,48,45,60.266,12.745,0,2.029,1.269,2.061,3.718,7.329,0.167
206,49,44,42.663,12.308,0,2.851,1.444,2.603,5.197,11.243,0.381
207,49,45,42.768,12.614,0,2.738,1.482,2.767,5.749,12.956,0.203
208,49,46,42.458,12.719,0,2.910,1.441,2.574,5.060,10.723,0.168
209,50,45,22.611,18.157,0,2.764,1.440,2.595,5.187,11.258,0.242
210,50,46,22.375,17.969,0,2.888,1.334,2.243,4.158,8.342,0.181
211,51,46,41.852,41.744,0,3.558,1.579,3.078,6.638,15.428,0.167
212,51,47,41.318,41.971,0,3.492,1.528,2.897,6.093,13.867,0.250
213,51,48,41.627,42.853,0,3.796,1.443,2.600,5.193,11.253,0.200
214,51,49,41.358,42.597,0,3.382,1.525,2.871,5.973,13.416,0.333
215,51,50,40.542,43.370,0,3.161,1.473,2.694,5.443,11.875,0.267
216,51,51,40.928,43.809,0,3.850,1.473,2.697,5.463,11.956,0.333
217,51,52,41.615,43.690,0,3.890,1.480,2.710,5.470,11.894,0.250
218,51,53,41.642,43.158,0,3.496,1.531,2.889,6.008,13.440,0.376
219,51,54,41.940,43.339,0,3.455,1.532,2.890,6.006,13.432,0.200
220,51,55,41.508,43.332,0,3.171,1.575,3.034,6.429,14.626,0.167
221,51,56,40.203,44.189,0,2.352,1.417,2.512,4.937,10.538,0.184
222,51,57,40.780,43.620,0,2.768,1.465,2.658,5.325,11.520,0.258
223,51,58,40.790,43.991,0,3.298,1.499,2.803,5.808,13.009,0.168
224,52,47,71.871,51.681,0,2.825,1.354,2.299,4.306,8.725,0.260
225,52,48,72.496,52.209,0,2.399,1.312,2.143,3.822,7.294,0.200
226,52,49,72.234,52.205,0,2.517,1.385,2.389,4.540,9.306,0.204
227,53,48,42.494,12.867,0,2.964,1.469,2.714,5.585,12.497,0.200
228,53,49,43.238,13.452,0,2.546,1.450,2.671,5.512,12.422,0.204
229,54,48,63.207,14.144,0,3.136,1.374,2.360,4.469,9.150,0.200
230,54,49,63.642,12.648,0,3.177,1.569,3.043,6.517,15.018,0.206
231,54,50,63.679,11.906,0,2.946,1.483,2.782,5.834,13.310,0.267
232,55,50,66.953,34.543,0,2.232,1.407,2.479,4.817,10.102,0.250
233,55,51,66.505,35.259,0,2.522,1.369,2.351,4.468,9.215,0.333
234,55,52,66.234,35.620,0,2.733,1.401,2.439,4.678,9.682,0.250
235,55,53,66.404,35.632,0,3.426,1.501,2.795,5.762,12.834,0.383
236,55,54,66.344,35.920,0,2.685,1.482,2.742,5.629,12.511,0.204
237,55,55,66.625,35.994,0,2.663,1.463,2.669,5.370,11.647,0.171
238,55,56,67.583,36.542,0,2.480,1.335,2.294,4.453,9.574,0.344
239,55,57,66.629,36.608,0,2.595,1.491,2.772,5.731,12.863,0.225
240,55,58,66.215,35.556,0,2.632,1.353,2.295,4.297,8.709,0.220
241,56,53,44.533,13.614,0,2.754,1.388,2.384,4.483,9.048,0.250
242,56,54,44.450,13.710,0,2.311,1.392,2.412,4.609,9.515,0.200
243,56,55,44.453,13.799,0,2.621,1.387,2.386,4.496,9.089,0.212
244,56,56,43.846,14.549,0,2.577,1.402,2.430,4.618,9.418,0.238
245,56,57,43.490,14.442,0,2.376,1.363,2.330,4.391,8.947,0.174
246,57,54,67.103,23.718,0,2.048,1.266,2.043,3.655,7.118,0.200
247,57,55,67.376,23.719,0,1.864,1.272,2.057,3.679,7.159,0.264
248,57,56,67.167,23.011,0,2.518,1.322,2.235,4.213,8.683,0.318
249,58,55,50.373,18.406,0,2.461,1.393,2.425,4.657,9.657,0.211
250,58,56,50.630,18.523,0,2.928,1.433,2.565,5.074,10.838,0.217
251,59,56,47.291,29.332,0,2.850,1.480,2.700,5.431,11.785,0.217
252,59,57,47.302,29.772,0,3.428,1.529,2.888,6.026,13.560,0.167
253,59,58,47.478,29.485,0,2.995,1.530,2.903,6.099,13.832,0.168
254,59,59,47.354,29.260,0,3.268,1.518,2.863,5.993,13.575,0.143
255,60,57,31.889,19.556,0,2.133,1.345,2.283,4.303,8.837,0.174
256,60,58,31.978,18.514,0,2.529,1.378,2.415,4.728,10.135,0.262
257,61,57,13.537,42.618,0,2.647,1.450,2.610,5.192,11.175,0.277
258,61,58,13.956,42.243,0,2.601,1.428,2.555,5.081,10.979,0.220
259,61,59,14.186,41.727,0,2.651,1.485,2.755,5.669,12.623,0.146
260,61,60,14.310,42.105,0,2.856,1.535,2.904,6.063,13.646,0.167
261,62,58,49.748,18.731,0,3.063,1.338,2.235,4.092,8.042,0.167
262,62,59,49.136,18.890,0,2.399,1.410,2.506,4.943,10.569,0.220
263,62,60,49.526,19.676,0,2.723,1.326,2.189,3.947,7.625,0.209
264,62,61,49.918,19.096,0,2.279,1.359,2.334,4.455,9.250,0.201
265,62,62,49.779,19.481,0,2.483,1.447,2.587,5.087,10.761,0.175
266,63,59,37.559,29.835,0,2.611,1.410,2.478,4.787,9.943,0.178
267,63,60,37.384,29.360,0,2.506,1.409,2.471,4.777,9.959,0.184
268,64,59,71.357,52.499,0,2.440,1.381,2.361,4.423,8.884,0.219
269,64,60,71.149,52.499,0,2.260,1.375,2.348,4.392,8.822,0.170
270,65,60,65.963,10.776,0,2.337,1.499,2.867,6.153,14.406,0.167
271,65,61,65.230,10.383,0,2.456,1.435,2.605,5.278,11.656,0.201
272,65,62,65.076,10.381,0,2.796,1.366,2.357,4.530,9.505,0.143
273,65,63,64.959,10.340,0,2.815,1.416,2.558,5.188,11.536,0.229
274,65,64,65.273,10.163,0,2.527,1.378,2.416,4.731,10.127,0.317
275,65,65,64.691,10.366,0,3.043,1.463,2.668,5.398,11.835,0.201
276,65,66,64.349,10.335,0,3.407,1.442,2.594,5.156,11.075,0.203
277,65,67,64.490,10.282,0,3.354,1.409,2.489,4.869,10.323,0.251
278,65,68,64.288,10.358,0,3.111,1.378,2.380,4.543,9.396,0.253
279,65,69,64.612,10.557,0,3.440,1.485,2.760,5.702,12.781,0.200
280,65,70,64.694,10.537,0,3.246,1.409,2.462,4.733,9.796,0.200
281,66,61,18.324,11.787,0,2.638,1.345,2.285,4.310,8.852,0.201
282,66,62,17.994,11.408,0,2.329,1.400,2.473,4.847,10.315,0.284
283,66,63,17.224,10.901,0,2.532,1.425,2.560,5.115,11.104,0.238
284,66,64,17.258,11.445,0,2.621,1.416,2.512,4.948,10.581,0.253
285,66,65,16.518,11.644,0,2.341,1.453,2.653,5.400,11.970,0.201
286,66,66,16.195,11.546,0,2.386,1.459,2.670,5.423,11.933,0.209
287,67,61,42.359,13.414,0,3.216,1.528,2.866,5.922,13.181,0.200
288,67,62,41.618,13.208,0,2.962,1.473,2.694,5.446,11.897,0.145
289,67,63,42.356,13.196,0,2.837,1.505,2.792,5.697,12.503,0.218
290,67,64,42.679,13.362,0,2.422,1.478,2.726,5.554,12.209,0.174
291,68,61,46.301,29.982,0,2.781,1.495,2.786,5.768,12.935,0.200
292,68,62,46.346,29.995,0,2.772,1.535,2.922,6.168,14.077,0.145
293,68,63,46.359,30.880,0,3.055,1.448,2.625,5.290,11.574,0.214
294,68,64,45.629,31.776,0,2.868,1.521,2.869,5.982,13.460,0.167
295,69,62,34.583,19.213,0,2.427,1.359,2.307,4.318,8.744,0.171
296,69,63,34.571,18.286,0,2.593,1.373,2.382,4.592,9.651,0.237
297,70,64,49.905,19.168,0,3.239,1.484,2.727,5.529,12.085,0.167
298,70,65,49.857,18.600,0,3.323,1.524,2.870,5.969,13.385,0.201
299,70,66,49.671,18.516,0,2.801,1.519,2.830,5.793,12.744,0.200
300,71,64,70.456,51.804,0,2.413,1.403,2.452,4.741,9.943,0.268
301,71,65,70.119,52.290,0,2.285,1.356,2.307,4.331,8.799,0.314
302,71,66,71.021,52.104,0,2.201,1.411,2.501,4.908,10.430,0.209
303,71,67,71.939,51.511,0,2.624,1.436,2.579,5.131,11.046,0.250
304,71,68,71.993,52.164,0,2.828,1.420,2.537,5.037,10.848,0.251
305,71,69,71.703,52.594,0,2.483,1.424,2.569,5.180,11.395,0.203
306,71,70,71.202,52.463,0,2.481,1.309,2.149,3.874,7.519,0.200
307,71,71,70.871,52.130,0,2.748,1.403,2.478,4.849,10.290,0.307
308,72,66,33.092,17.653,0,3.248,1.510,2.832,5.884,13.208,0.203
309,72,67,32.434,17.648,0,3.417,1.507,2.804,5.763,12.796,0.251
310,72,68,33.635,17.777,0,3.208,1.467,2.689,5.475,12.099,0.270
311,73,68,42.266,13.050,0,3.311,1.525,2.893,6.086,13.849,0.269
312,73,69,41.650,13.016,0,2.968,1.554,2.993,6.377,14.647,0.244
313,73,70,42.642,12.422,0,3.840,1.470,2.688,5.433,11.870,0.200
314,73,71,42.325,12.569,0,4.693,1.471,2.680,5.395,11.730,0.250
315,73,72,41.492,12.629,0,4.445,1.646,3.289,7.214,16.923,0.333
316,73,73,43.177,12.679,0,2.855,1.493,2.802,5.871,13.388,0.250
317,74,69,15.219,12.402,0,2.824,1.529,2.893,6.044,13.602,0.275
318,74,70,15.146,12.573,0,2.800,1.507,2.824,5.854,13.093,0.261
319,74,71,14.897,12.342,0,2.970,1.431,2.540,4.973,10.498,0.270
320,74,72,15.365,12.439,0,3.663,1.347,2.254,4.127,8.116,0.333
321,74,73,15.402,12.815,0,3.459,1.398,2.422,4.611,9.447,0.250
322,74,74,15.615,12.407,0,2.985,1.433,2.534,4.924,10.296,0.143
323,74,75,16.080,13.380,0,3.131,1.457,2.632,5.245,11.276,0.201
324,74,76,15.355,13.637,0,3.195,1.436,2.551,4.986,10.495,0.200
325,75,71,45.924,32.407,0,2.696,1.454,2.663,5.416,11.925,0.292
326,75,72,46.055,32.913,0,2.997,1.466,2.688,5.467,12.037,0.333
327,75,73,45.782,32.467,0,3.364,1.512,2.826,5.827,12.961,0.394
328,76,73,14.794,39.173,0,3.269,1.499,2.782,5.713,12.682,0.394
329,76,74,15.290,38.704,0,2.903,1.566,2.992,6.284,14.160,0.185
330,76,75,14.833,38.548,0,2.802,1.584,3.074,6.577,15.136,0.200
331,77,74,64.235,43.434,0,3.012,1.528,2.880,5.983,13.369,0.185
332,77,75,61.524,39.653,0,2.810,1.452,2.608,5.169,11.054,0.201
333,78,74,48.691,57.449,0,2.115,1.375,2.361,4.477,9.187,0.149
334,78,75,49.461,56.762,0,2.406,1.356,2.299,4.294,8.665,0.200
335,79,75,40.693,12.629,0,3.367,1.654,3.342,7.429,17.696,0.200
336,79,76,42.271,11.677,0,3.554,1.651,3.342,7.436,17.693,0.200
337,79,77,40.490,12.078,0,4.443,1.570,3.041,6.496,14.921,0.250
338,79,78,41.465,11.740,0,4.300,1.635,3.289,7.297,17.381,0.200
339,80,76,62.471,52.225,0,3.030,1.522,2.877,6.014,13.564,0.200
340,80,77,62.462,52.341,0,2.626,1.413,2.472,4.755,9.856,0.301
341,81,76,71.134,51.952,0,2.581,1.396,2.456,4.785,10.096,0.200
342,81,77,70.826,51.770,0,3.036,1.301,2.125,3.816,7.398,0.250
343,81,78,70.729,51.666,0,2.938,1.348,2.317,4.458,9.415,0.200
344,81,79,70.745,52.211,0,3.043,1.338,2.259,4.223,8.585,0.167
345,82,78,14.325,39.209,0,2.903,1.506,2.789,5.682,12.453,0.214
346,82,79,14.313,39.950,0,2.761,1.454,2.636,5.293,11.499,0.372
347,82,80,14.361,40.008,0,2.542,1.429,2.563,5.096,10.992,0.177
348,83,78,39.480,47.781,0,2.716,1.466,2.655,5.291,11.347,0.214
349,83,79,39.246,48.206,0,2.814,1.491,2.744,5.585,12.294,0.409
350,83,80,39.274,48.459,0,3.199,1.389,2.397,4.546,9.294,0.167
351,83,81,39.502,48.767,0,2.980,1.411,2.519,5.024,10.942,0.281
352,84,79,32.178,17.314,0,2.590,1.460,2.647,5.288,11.385,0.232
353,84,80,32.629,17.394,0,3.544,1.553,2.935,6.078,13.484,0.175
354,85,79,65.517,22.722,0,2.257,1.308,2.153,3.901,7.645,0.167
355,85,80,65.169,22.301,0,2.589,1.373,2.333,4.332,8.617,0.177
356,86,80,40.564,12.444,0,3.619,1.603,3.168,6.913,16.215,0.175
357,86,81,42.160,11.838,0,3.872,1.563,3.019,6.447,14.838,0.250
358,86,82,43.274,11.504,0,3.142,1.492,2.807,5.912,13.575,0.162
359,86,83,43.354,11.341,0,3.372,1.429,2.580,5.200,11.427,0.250
360,86,84,43.214,11.210,0,3.177,1.549,2.981,6.347,14.559,0.167
361,86,85,43.192,10.504,0,3.252,1.533,2.915,6.125,13.863,0.200
362,86,86,39.784,12.118,0,3.026,1.515,2.851,5.936,13.337,0.221
363,86,87,40.395,11.949,0,3.227,1.623,3.237,7.105,16.707,0.200
364,87,81,70.220,43.140,0,2.773,1.401,2.478,4.874,10.435,0.277
365,87,82,69.806,43.362,0,2.586,1.451,2.628,5.280,11.502,0.206
366,87,83,69.762,43.396,0,2.481,1.382,2.393,4.581,9.504,0.250
367,88,81,70.041,52.549,0,3.137,1.345,2.278,4.256,8.586,0.254
368,88,82,69.735,51.694,0,2.367,1.320,2.194,4.027,7.999,0.136
369,88,83,69.614,51.476,0,3.015,1.295,2.107,3.766,7.261,0.250
370,88,84,69.634,52.270,0,2.479,1.416,2.482,4.787,9.940,0.167
371,88,85,69.498,51.666,0,2.714,1.360,2.317,4.347,8.807,0.294
372,89,84,14.351,13.726,0,2.920,1.455,2.643,5.309,11.536,0.167
373,89,85,13.853,13.231,0,2.536,1.423,2.563,5.162,11.378,0.235
374,89,86,15.057,13.066,0,2.827,1.490,2.778,5.744,12.855,0.221
375,90,84,53.256,50.372,0,1.519,1.146,1.688,2.722,4.757,0.167
376,90,85,49.497,46.751,0,2.611,1.378,2.387,4.573,9.487,0.325
377,91,85,72.296,34.127,0,2.719,1.524,2.872,5.965,13.323,0.200
378,91,86,72.283,34.271,0,3.193,1.404,2.461,4.757,9.932,0.200
379,91,87,72.525,34.546,0,2.819,1.438,2.571,5.070,10.789,0.231
380,91,88,72.315,34.334,0,2.427,1.430,2.520,4.867,10.076,0.244
381,92,86,63.983,24.559,0,2.281,1.420,2.535,5.019,10.768,0.303
382,92,87,64.465,25.355,0,2.526,1.409,2.472,4.780,9.986,0.246
383,92,88,63.896,25.327,0,2.875,1.479,2.715,5.498,12.013,0.145
384,92,89,63.925,25.365,0,2.907,1.518,2.837,5.841,12.940,0.200
385,92,90,64.473,26.639,0,2.859,1.464,2.640,5.233,11.159,0.230
386,92,91,64.790,26.440,0,3.152,1.451,2.589,5.071,10.664,0.200
387,93,87,49.702,46.836,0,2.526,1.459,2.651,5.329,11.588,0.294
388,93,88,49.799,46.561,0,2.106,1.411,2.512,4.975,10.713,0.173
389,94,87,69.319,51.874,0,2.678,1.479,2.712,5.484,11.960,0.283
390,94,88,69.517,51.570,0,2.591,1.491,2.709,5.391,11.489,0.171
391,94,89,69.387,51.641,0,3.289,1.508,2.807,5.776,12.838,0.200
392,94,90,69.272,51.667,0,3.037,1.446,2.594,5.142,11.013,0.360
393,94,91,69.445,51.095,0,2.686,1.432,2.542,4.976,10.521,0.235
394,94,92,69.308,50.592,0,3.599,1.348,2.277,4.249,8.597,0.204
395,94,93,69.721,50.179,0,2.869,1.426,2.540,5.004,10.671,0.223
396,94,94,69.513,49.958,0,2.678,1.321,2.203,4.062,8.113,0.262
397,95,88,64.241,9.843,0,2.429,1.391,2.418,4.647,9.670,0.230
398,95,89,63.902,10.123,0,2.687,1.406,2.460,4.744,9.864,0.359
399,96,91,37.849,10.424,0,3.449,1.541,2.937,6.184,14.036,0.200
400,96,92,38.044,10.319,0,3.805,1.404,2.465,4.776,9.987,0.204
401,96,93,38.496,10.622,0,4.315,1.419,2.491,4.802,9.952,0.167
402,96,94,38.343,11.300,0,3.796,1.377,2.350,4.399,8.850,0.250
403,96,95,38.459,11.356,0,3.799,1.438,2.577,5.109,10.977,0.167
404,96,96,38.931,11.585,0,3.570,1.492,2.768,5.676,12.566,0.250
405,96,97,38.504,11.642,0,3.408,1.384,2.401,4.603,9.564,0.217
406,96,98,38.636,11.459,0,3.142,1.433,2.553,5.023,10.674,0.200
407,96,99,38.852,11.691,0,3.469,1.462,2.708,5.614,12.708,0.147
408,96,100,40.388,11.639,0,4.486,1.691,3.436,7.624,18.021,0.250
409,96,101,40.716,11.382,0,4.753,1.633,3.224,6.973,16.124,0.200
410,97,91,63.716,10.464,0,2.535,1.337,2.237,4.115,8.162,0.235
411,97,92,64.104,10.287,0,2.604,1.372,2.341,4.386,8.838,0.414
412,97,93,64.043,10.665,0,2.711,1.409,2.470,4.761,9.872,0.415
413,98,91,32.808,22.018,0,2.539,1.385,2.424,4.716,9.982,0.269
414,98,92,33.373,22.338,0,2.625,1.314,2.159,3.883,7.494,0.267
415,98,93,33.498,22.651,0,2.560,1.313,2.146,3.830,7.323,0.180
416,98,94,31.465,22.790,0,2.461,1.358,2.318,4.388,9.033,0.262
417,99,92,70.218,18.473,0,2.651,1.363,2.353,4.524,9.506,0.407
418,99,93,70.262,17.668,0,2.634,1.369,2.359,4.519,9.439,0.313
419,100,93,18.468,14.100,0,2.662,1.404,2.495,4.938,10.647,0.392
420,100,94,18.245,13.535,0,3.271,1.395,2.428,4.657,9.650,0.250
421,100,95,18.970,13.128,0,3.227,1.463,2.692,5.520,12.312,0.250
422,101,95,63.523,10.770,0,3.011,1.399,2.436,4.677,9.689,0.169
423,101,96,63.222,10.888,0,2.888,1.494,2.763,5.639,12.396,0.250
424,102,95,49.865,46.647,0,3.435,1.572,3.058,6.597,15.380,0.167
425,102,96,52.539,46.333,0,3.953,1.430,2.575,5.178,11.362,0.250
426,102,97,52.293,46.521,0,3.399,1.417,2.515,4.956,10.625,0.218
427,102,98,52.248,47.707,0,3.328,1.548,2.991,6.419,14.910,0.341
428,103,97,19.744,11.916,0,3.085,1.423,2.529,4.976,10.605,0.154
429,103,98,19.591,11.804,0,2.701,1.385,2.399,4.581,9.448,0.264
430,103,99,19.673,11.383,0,2.548,1.367,2.349,4.458,9.146,0.217
431,104,97,13.372,44.226,0,2.957,1.481,2.725,5.539,12.152,0.154
432,104,98,13.576,44.496,0,3.276,1.537,2.925,6.162,14.028,0.341
433,104,99,13.392,44.640,0,3.172,1.558,2.997,6.372,14.604,0.146
434,105,97,47.590,47.461,0,2.548,1.360,2.385,4.714,10.260,0.152
435,105,98,47.919,46.834,0,2.590,1.393,2.501,5.073,11.340,0.264
436,105,99,48.677,46.831,0,2.890,1.552,3.013,6.505,15.200,0.146
437,105,100,49.053,46.932,0,3.118,1.524,2.912,6.188,14.243,0.250
438,106,99,55.444,67.298,0,2.614,1.474,2.703,5.486,12.046,0.143
439,106,100,55.523,67.217,0,2.590,1.425,2.543,5.040,10.859,0.473
440,107,100,69.137,45.960,0,2.630,1.423,2.516,4.902,10.284,0.473
441,107,101,69.453,45.153,0,2.451,1.384,2.447,4.858,10.601,0.525
442,107,102,69.678,45.242,0,3.044,1.381,2.419,4.739,10.170,0.374
443,107,103,69.296,44.985,0,2.625,1.364,2.376,4.640,9.942,0.176
444,107,104,69.130,44.296,0,3.141,1.461,2.663,5.375,11.751,0.212
445,108,102,15.455,43.944,0,3.157,1.405,2.466,4.766,9.925,0.372
446,108,103,15.172,43.857,0,2.899,1.413,2.489,4.835,10.139,0.425
447,109,102,48.592,47.003,0,3.479,1.451,2.649,5.367,11.773,0.250
448,109,103,49.282,47.462,0,2.838,1.425,2.543,5.024,10.739,0.427
449,109,104,49.129,47.256,0,3.727,1.409,2.483,4.831,10.151,0.200
450,109,105,48.922,47.335,0,3.146,1.502,2.791,5.726,12.656,0.302
451,110,103,79.594,45.339,0,3.448,1.531,2.875,5.943,13.220,0.167
452,110,104,79.390,45.209,0,3.381,1.555,2.953,6.162,13.798,0.200
453,110,105,79.312,44.945,0,3.345,1.527,2.881,6.000,13.463,0.307
454,110,106,79.295,45.246,0,3.367,1.547,2.946,6.186,13.985,0.167
455,110,107,79.227,45.399,0,3.399,1.559,3.007,6.425,14.818,0.143
456,110,108,79.067,45.199,0,3.922,1.494,2.771,5.694,12.650,0.200
457,110,109,78.614,45.263,0,3.907,1.483,2.711,5.453,11.790,0.250
458,110,110,78.416,44.839,0,3.704,1.522,2.846,5.857,12.969,0.167
459,110,111,78.543,44.803,0,3.888,1.543,2.918,6.068,13.563,0.143
460,110,112,78.431,44.521,0,4.452,1.466,2.638,5.198,10.985,0.200
461,110,113,78.478,44.948,0,4.082,1.531,2.883,5.979,13.341,0.200
462,110,114,78.473,45.525,0,3.647,1.549,2.973,6.326,14.548,0.205
463,111,104,61.851,12.394,0,2.948,1.506,2.800,5.736,12.660,0.213
464,111,105,61.826,11.705,0,3.314,1.508,2.811,5.785,12.836,0.334
465,111,106,62.288,11.379,0,3.002,1.568,3.013,6.384,14.552,0.212
466,112,104,55.156,67.287,0,2.685,1.440,2.616,5.306,11.738,0.201
467,112,105,55.173,66.470,0,3.027,1.503,2.811,5.829,13.083,0.250
468,112,106,55.199,66.256,0,2.963,1.521,2.855,5.915,13.209,0.249
469,113,105,48.385,58.294,0,2.618,1.380,2.382,4.539,9.358,0.168
470,113,106,48.866,58.109,0,3.217,1.430,2.551,5.028,10.707,0.170
471,114,106,19.291,11.902,0,2.659,1.442,2.627,5.352,11.905,0.168
472,114,107,19.555,11.537,0,2.566,1.316,2.157,3.874,7.478,0.144
473,114,108,19.560,11.594,0,2.541,1.384,2.425,4.746,10.172,0.201
474,114,109,19.849,15.396,0,2.641,1.458,2.660,5.396,11.887,0.251
475,114,110,19.564,16.164,0,2.611,1.454,2.626,5.236,11.282,0.332
476,115,107,12.800,45.026,0,2.544,1.521,2.896,6.138,14.111,0.152
477,115,108,12.371,44.303,0,2.965,1.412,2.486,4.837,10.197,0.329
478,115,109,11.842,44.681,0,2.797,1.360,2.300,4.265,8.506,0.250
479,115,110,12.017,45.400,0,2.842,1.540,2.941,6.211,14.149,0.259
480,115,111,11.524,45.329,0,3.180,1.490,2.763,5.692,12.727,0.143
481,115,112,10.995,44.770,0,2.776,1.480,2.767,5.785,13.173,0.272
482,115,113,10.567,44.963,0,3.154,1.532,2.907,6.094,13.770,0.200
483,115,114,10.424,44.510,0,3.409,1.457,2.652,5.360,11.754,0.215
484,115,115,9.664,44.897,0,3.291,1.452,2.640,5.323,11.635,0.318
485,115,116,9.624,45.224,0,2.922,1.436,2.589,5.184,11.266,0.251
486,115,117,9.812,45.563,0,3.285,1.469,2.670,5.346,11.517,0.251
487,116,109,43.504,31.921,0,2.329,1.414,2.517,4.986,10.756,0.251
488,116,110,43.523,31.772,0,2.602,1.448,2.616,5.246,11.431,0.332
489,117,110,62.204,11.577,0,2.951,1.549,2.941,6.138,13.757,0.259
490,117,111,62.488,11.725,0,2.818,1.465,2.676,5.405,11.794,0.150
491,118,111,49.201,34.299,0,2.572,1.420,2.554,5.135,11.268,0.262
492,118,112,44.203,32.558,0,2.206,1.309,2.168,3.983,7.971,0.242
493,119,112,29.998,55.457,0,2.726,1.449,2.633,5.327,11.718,0.272
494,119,113,29.506,55.298,0,3.166,1.383,2.374,4.480,9.105,0.200
495,119,114,29.892,54.619,0,3.635,1.462,2.634,5.212,11.074,0.216
496,120,113,42.652,13.728,0,2.565,1.380,2.419,4.750,10.231,0.360
497,120,114,42.533,13.570,0,2.949,1.378,2.404,4.677,9.939,0.200
498,120,115,42.798,13.985,0,3.205,1.433,2.584,5.172,11.234,0.318
499,120,116,42.987,14.539,0,2.987,1.348,2.297,4.340,8.912,0.244
500,120,117,43.239,14.349,0,2.996,1.396,2.476,4.910,10.650,0.251
501,120,118,42.686,14.511,0,2.701,1.273,2.076,3.774,7.528,0.206
502,120,119,42.650,14.529,0,2.834,1.331,2.248,4.224,8.666,0.346
503,121,114,45.790,33.590,0,3.724,1.630,3.244,7.089,16.593,0.204
504,121,115,45.713,33.313,0,3.707,1.550,2.964,6.252,14.204,0.229
505,121,116,45.004,33.528,0,3.524,1.512,2.866,6.065,13.962,0.200
506,122,115,64.194,48.720,0,3.878,1.585,3.061,6.476,14.661,0.229
507,122,116,64.128,48.725,0,4.036,1.607,3.157,6.812,15.739,0.200
508,123,117,76.088,46.713,0,3.639,1.476,2.733,5.626,12.561,0.250
509,123,118,76.605,45.679,0,4.145,1.526,2.911,6.172,14.167,0.200
510,123,119,76.422,45.506,0,3.976,1.468,2.674,5.384,11.720,0.250
511,123,120,76.007,45.038,0,3.815,1.479,2.739,5.640,12.591,0.167
512,123,121,76.512,44.953,0,4.241,1.444,2.609,5.234,11.388,0.250
513,123,122,75.714,45.255,0,3.729,1.437,2.584,5.163,11.201,0.500
514,123,123,76.482,45.665,0,3.444,1.630,3.270,7.247,17.262,0.168
515,123,124,76.629,45.605,0,3.445,1.592,3.115,6.727,15.626,0.250
516,124,118,62.805,50.944,0,2.624,1.474,2.739,5.681,12.810,0.200
517,124,119,62.859,51.290,0,2.934,1.365,2.375,4.626,9.861,0.411
518,124,120,63.094,51.055,0,2.809,1.413,2.552,5.162,11.388,0.308
519,124,121,63.389,50.225,0,3.887,1.461,2.674,5.443,12.021,0.250
520,124,122,63.546,49.363,0,4.525,1.459,2.651,5.333,11.628,0.500
521,124,123,63.012,49.236,0,3.729,1.670,3.390,7.556,18.018,0.168
522,125,118,30.530,55.466,0,2.603,1.369,2.322,4.305,8.545,0.206
523,125,119,30.663,55.358,0,3.040,1.357,2.283,4.199,8.281,0.372
524,125,120,31.025,55.664,0,2.525,1.385,2.395,4.574,9.447,0.279
525,125,121,31.796,55.727,0,2.687,1.322,2.177,3.919,7.563,0.250
526,126,120,9.343,45.523,0,2.880,1.431,2.541,4.970,10.477,0.300
527,126,121,9.387,45.471,0,2.986,1.452,2.647,5.352,11.723,0.250
528,127,123,43.610,13.480,0,3.134,1.498,2.826,5.951,13.601,0.167
529,127,124,44.726,13.658,0,3.782,1.553,2.965,6.232,14.064,0.250
530,127,125,44.700,13.577,0,3.928,1.573,3.048,6.524,15.039,0.250
531,127,126,44.460,13.632,0,5.285,1.428,2.532,4.946,10.409,0.167
532,127,127,44.677,13.789,0,4.628,1.501,2.776,5.641,12.305,0.200
533,127,128,45.210,13.860,0,5.196,1.625,3.211,6.961,16.159,0.250
534,127,129,44.514,13.679,0,4.456,1.625,3.206,6.939,16.060,0.250
535,128,123,30.634,56.026,0,2.637,1.340,2.263,4.234,8.608,0.167
536,128,124,30.668,55.790,0,2.578,1.280,2.056,3.608,6.784,0.250
537,128,125,30.390,55.722,0,2.259,1.328,2.203,4.019,7.914,0.250
538,128,126,30.579,55.690,0,2.527,1.340,2.256,4.186,8.394,0.168
539,128,127,30.617,55.493,0,2.473,1.325,2.217,4.102,8.243,0.200
540,129,124,34.522,26.868,0,2.694,1.549,2.984,6.377,14.725,0.250
541,129,125,34.230,26.349,0,2.750,1.486,2.738,5.564,12.189,0.250
542,130,125,4.420,35.484,0,2.681,1.356,2.290,4.248,8.491,0.250
543,130,126,4.361,35.322,0,2.829,1.357,2.289,4.234,8.425,0.169
544,131,126,32.426,17.754,0,3.509,1.555,2.967,6.212,13.936,0.173
545,131,127,31.897,18.209,0,3.297,1.562,3.011,6.409,14.694,0.203
546,131,128,32.197,18.440,0,3.573,1.554,2.981,6.333,14.524,0.297
547,131,129,31.385,18.351,0,4.072,1.458,2.641,5.284,11.422,0.250
548,131,130,32.167,18.365,0,3.749,1.593,3.111,6.693,15.469,0.251
549,131,131,31.484,18.810,0,4.329,1.531,2.880,5.959,13.259,0.200
550,131,132,31.579,19.105,0,3.483,1.471,2.674,5.364,11.616,0.253
551,131,133,32.952,19.552,0,3.941,1.479,2.708,5.467,11.898,0.204
552,131,134,32.590,19.919,0,3.544,1.458,2.668,5.430,12.006,0.333
553,132,126,78.323,44.750,0,2.927,1.446,2.598,5.143,10.958,0.168
554,132,127,78.548,45.160,0,3.027,1.472,2.680,5.387,11.696,0.200
555,133,126,50.371,45.479,0,3.280,1.521,2.861,5.946,13.325,0.173
556,133,127,50.604,45.313,0,3.581,1.578,3.091,6.705,15.677,0.203
557,133,128,50.294,46.167,0,3.613,1.599,3.159,6.897,16.193,0.297
558,134,128,65.935,51.116,0,3.383,1.417,2.510,4.907,10.357,0.250
559,134,129,66.244,51.677,0,3.484,1.353,2.279,4.224,8.445,0.347
560,134,130,65.564,51.317,0,3.941,1.395,2.420,4.626,9.549,0.250
561,134,131,65.630,51.022,0,3.860,1.466,2.690,5.484,12.127,0.200
562,134,132,65.988,50.908,0,3.617,1.419,2.558,5.163,11.396,0.242
563,134,133,65.759,50.805,0,3.845,1.390,2.416,4.636,9.631,0.202
564,134,134,65.598,51.145,0,4.694,1.408,2.472,4.795,10.068,0.333
565,134,135,65.625,50.692,0,3.623,1.383,2.368,4.442,8.948,0.250
566,134,136,65.655,50.576,0,3.945,1.395,2.407,4.557,9.279,0.338
567,134,137,65.858,50.455,0,3.861,1.472,2.679,5.371,11.604,0.263
568,134,138,65.903,50.599,0,3.834,1.523,2.861,5.935,13.279,0.250
569,134,139,66.854,51.973,0,3.457,1.494,2.802,5.848,13.231,0.202
570,135,130,50.288,46.262,0,3.507,1.521,2.888,6.096,13.940,0.251
571,135,131,49.955,45.970,0,3.226,1.521,2.890,6.097,13.912,0.375
572,135,132,50.340,45.246,0,4.193,1.677,3.418,7.657,18.357,0.200
573,135,133,50.629,44.975,0,4.019,1.550,2.997,6.427,14.892,0.202
574,135,134,51.067,45.059,0,3.962,1.487,2.772,5.737,12.861,0.333
575,135,135,51.309,45.265,0,4.210,1.416,2.501,4.870,10.238,0.386
576,135,136,50.569,45.014,0,4.297,1.448,2.613,5.213,11.249,0.359
577,135,137,51.096,44.819,0,3.605,1.536,2.925,6.170,14.063,0.250
578,135,138,52.339,44.990,0,3.092,1.393,2.472,4.924,10.776,0.373
579,136,131,42.754,14.006,0,3.274,1.519,2.868,5.989,13.479,0.375
580,136,132,43.557,13.549,0,4.113,1.578,3.070,6.593,15.239,0.200
581,136,133,44.755,13.852,0,4.309,1.644,3.284,7.193,16.850,0.200
582,137,135,44.230,13.424,0,4.165,1.445,2.602,5.188,11.203,0.386
583,137,136,44.572,13.268,0,4.078,1.462,2.670,5.405,11.856,0.363
584,137,137,44.412,13.617,0,4.102,1.458,2.639,5.269,11.347,0.263
585,137,138,44.445,13.519,0,4.171,1.407,2.460,4.728,9.783,0.250
586,137,139,44.483,13.382,0,4.009,1.439,2.564,5.023,10.585,0.200
587,137,140,45.072,13.264,0,3.867,1.621,3.209,6.989,16.333,0.200
588,138,138,63.136,15.508,0,3.004,1.415,2.551,5.176,11.549,0.373
589,138,139,62.335,15.803,0,3.191,1.543,2.979,6.402,14.909,0.207
590,138,140,62.424,15.377,0,3.024,1.455,2.653,5.390,11.920,0.203
591,138,141,64.215,15.495,0,3.272,1.400,2.472,4.870,10.489,0.333
592,138,142,64.353,15.645,0,3.412,1.430,2.540,4.974,10.522,0.250
593,138,143,64.511,15.569,0,2.879,1.534,2.917,6.132,13.896,0.144
594,139,139,70.318,42.554,0,3.718,1.594,3.113,6.693,15.447,0.202
595,139,140,70.317,41.619,0,3.427,1.549,2.954,6.206,14.013,0.200
596,140,140,25.811,62.364,0,2.603,1.402,2.475,4.850,10.320,0.200
597,140,141,25.542,62.667,0,2.634,1.339,2.243,4.120,8.136,0.333
598,140,142,25.171,62.292,0,3.050,1.319,2.184,3.976,7.809,0.250
599,140,143,25.563,61.817,0,2.592,1.464,2.694,5.539,12.431,0.169
600,140,144,25.207,61.636,0,2.937,1.444,2.581,5.066,10.699,0.250
601,140,145,25.065,62.170,0,2.867,1.419,2.511,4.903,10.335,0.406
602,141,141,50.447,42.665,0,4.256,1.462,2.638,5.241,11.217,0.333
603,141,142,50.361,42.486,0,4.239,1.467,2.665,5.333,11.500,0.250
604,141,143,50.318,41.805,0,3.333,1.575,3.040,6.474,14.853,0.143
605,141,144,50.398,42.582,0,4.222,1.447,2.603,5.173,11.116,0.250
606,141,145,50.613,43.325,0,4.850,1.514,2.826,5.815,12.887,0.250
607,141,146,50.473,42.928,0,4.629,1.442,2.585,5.110,10.894,0.250
608,141,147,51.343,43.234,0,4.487,1.390,2.387,4.482,9.016,0.200
609,141,148,51.609,43.315,0,5.731,1.389,2.403,4.572,9.377,0.333
610,141,149,51.912,43.646,0,6.019,1.457,2.644,5.310,11.534,0.333
611,141,150,52.286,43.176,0,5.326,1.489,2.727,5.491,11.885,0.333
612,141,151,51.953,43.489,0,4.649,1.470,2.679,5.384,11.651,0.333
613,141,152,52.305,43.196,0,5.454,1.516,2.819,5.750,12.573,0.500
614,141,153,51.689,43.266,0,4.893,1.493,2.738,5.513,11.910,0.250
615,141,154,50.692,42.176,0,3.574,1.357,2.315,4.361,8.888,0.257
616,141,155,51.076,41.953,0,2.685,1.391,2.466,4.884,10.554,0.288
617,141,156,51.534,41.661,0,4.034,1.444,2.631,5.345,11.824,0.200
618,141,157,51.358,40.621,0,3.619,1.586,3.112,6.765,15.871,0.250
619,141,158,52.157,40.349,0,3.737,1.586,3.106,6.724,15.679,0.250
620,141,159,52.348,40.820,0,3.765,1.567,3.025,6.454,14.834,0.200
621,141,160,51.886,44.235,0,3.816,1.605,3.156,6.828,15.841,0.333
622,141,161,52.269,45.499,0,2.719,1.448,2.657,5.464,12.287,0.200
623,141,162,52.346,40.439,0,3.360,1.570,3.047,6.534,15.083,0.264
624,141,163,52.358,39.863,0,3.725,1.519,2.853,5.908,13.145,0.299
625,141,164,52.425,40.588,0,3.355,1.495,2.798,5.804,13.005,0.259
626,141,165,52.567,40.951,0,3.430,1.442,2.595,5.164,11.090,0.237
627,141,166,52.397,40.890,0,3.663,1.425,2.519,4.902,10.267,0.279
628,141,167,51.650,41.501,0,3.783,1.488,2.761,5.683,12.670,0.225
629,141,168,51.560,40.960,0,4.224,1.479,2.735,5.621,12.537,0.170
630,141,169,52.056,40.396,0,4.723,1.422,2.527,4.963,10.539,0.250
631,141,170,52.079,40.589,0,3.446,1.467,2.688,5.451,11.944,0.143
632,142,142,32.821,21.611,0,2.740,1.493,2.814,5.936,13.641,0.250
633,142,143,32.269,21.112,0,2.298,1.458,2.738,5.813,13.550,0.170
634,143,145,31.258,18.549,0,3.171,1.590,3.113,6.718,15.575,0.250
635,143,146,30.679,19.022,0,2.838,1.414,2.523,5.012,10.833,0.250
636,144,146,45.301,36.761,0,2.205,1.265,2.022,3.565,6.820,0.250
637,144,147,45.821,37.717,0,2.232,1.320,2.190,4.024,8.042,0.200
638,144,148,45.995,37.912,0,2.405,1.351,2.294,4.307,8.760,0.333
639,145,148,31.480,19.265,0,2.720,1.419,2.541,5.091,11.156,0.333
640,145,149,31.024,19.154,0,3.048,1.452,2.682,5.562,12.628,0.339
641,145,150,31.262,19.021,0,3.146,1.504,2.825,5.896,13.341,0.333
642,145,151,30.823,18.237,0,3.474,1.473,2.672,5.327,11.414,0.485
643,145,152,30.706,18.497,0,3.475,1.460,2.634,5.218,11.096,0.500
644,145,153,30.835,18.435,0,3.506,1.496,2.773,5.668,12.474,0.250
645,146,150,64.359,16.333,0,2.552,1.430,2.550,5.025,10.720,0.333
646,146,151,64.909,16.225,0,3.361,1.447,2.618,5.248,11.404,0.485
647,147,153,42.512,58.277,0,2.424,1.314,2.190,4.057,8.209,0.251
648,147,154,42.409,57.954,0,3.330,1.322,2.209,4.086,8.217,0.257
649,147,155,42.835,56.997,0,2.764,1.438,2.644,5.463,12.347,0.288
650,147,156,42.420,57.232,0,3.035,1.381,2.418,4.734,10.142,0.206
651,147,157,42.340,57.276,0,3.139,1.455,2.683,5.546,12.529,0.487
652,147,158,43.040,56.655,0,3.421,1.501,2.811,5.842,13.135,0.250
653,147,159,42.586,56.252,0,3.151,1.544,2.941,6.181,13.994,0.200
654,147,160,42.569,56.559,0,3.544,1.522,2.852,5.878,13.026,0.333
655,147,161,42.589,57.092,0,3.628,1.478,2.695,5.419,11.739,0.293
656,147,162,42.180,57.152,0,4.312,1.432,2.561,5.064,10.838,0.200
657,147,163,42.019,58.186,0,2.834,1.466,2.718,5.625,12.670,0.263
658,147,164,42.226,58.789,0,2.354,1.338,2.241,4.120,8.150,0.143
659,147,165,42.296,58.650,0,3.150,1.376,2.374,4.524,9.341,0.168
660,148,155,32.545,19.335,0,3.290,1.616,3.191,6.935,16.186,0.250
661,148,156,32.574,19.531,0,3.643,1.567,3.034,6.507,15.078,0.200
662,148,157,32.244,18.313,0,4.653,1.511,2.860,6.029,13.802,0.250
663,148,158,31.696,17.898,0,4.911,1.478,2.697,5.425,11.764,0.250
664,148,159,31.490,17.559,0,4.355,1.484,2.715,5.466,11.851,0.200
665,148,160,30.863,17.712,0,4.445,1.474,2.683,5.375,11.588,0.333
666,148,161,31.161,16.907,0,3.749,1.461,2.667,5.401,11.859,0.293
667,148,162,31.310,16.991,0,3.475,1.405,2.480,4.861,10.359,0.200
668,148,163,30.621,17.028,0,3.725,1.468,2.678,5.387,11.678,0.244
669,149,156,43.273,12.505,0,3.081,1.469,2.681,5.409,11.793,0.206
670,149,157,43.557,12.676,0,3.111,1.461,2.665,5.390,11.826,0.487
671,150,158,23.544,13.695,0,2.800,1.338,2.226,4.050,7.901,0.250
672,150,159,23.502,14.143,0,2.584,1.341,2.291,4.373,9.151,0.279
673,151,161,67.708,36.379,0,3.379,1.554,2.996,6.404,14.794,0.207
674,151,162,67.491,35.768,0,3.468,1.524,2.886,6.045,13.672,0.270
675,152,163,74.306,23.637,0,3.745,1.568,3.011,6.367,14.467,0.257
676,152,164,73.695,24.175,0,3.636,1.470,2.702,5.511,12.185,0.145
677,152,165,74.421,23.866,0,3.671,1.616,3.191,6.941,16.206,0.168
678,152,166,74.377,23.559,0,3.556,1.531,2.898,6.068,13.715,0.250
679,152,167,74.426,23.313,0,3.849,1.666,3.390,7.596,18.241,0.200
680,152,168,73.437,23.355,0,3.965,1.514,2.830,5.841,13.005,0.170
681,153,163,21.383,57.346,0,2.920,1.447,2.592,5.111,10.852,0.263
682,153,164,21.523,57.775,0,2.716,1.405,2.451,4.710,9.763,0.143
683,154,164,45.660,30.449,0,3.053,1.548,2.973,6.335,14.587,0.188
684,154,165,45.386,31.168,0,3.548,1.525,2.902,6.127,13.998,0.324
685,154,166,45.272,32.206,0,3.814,1.375,2.377,4.539,9.375,0.279
686,154,167,45.433,31.864,0,3.084,1.389,2.413,4.631,9.616,0.342
687,155,164,40.828,51.558,0,3.307,1.515,2.848,5.923,13.295,0.263
688,155,165,40.824,51.378,0,3.510,1.531,2.899,6.066,13.692,0.325
689,156,166,67.662,33.722,0,2.987,1.332,2.241,4.173,8.449,0.250
690,156,167,68.151,33.665,0,3.096,1.413,2.495,4.864,10.244,0.342
691,157,167,42.158,51.551,0,3.985,1.488,2.743,5.584,12.271,0.225
692,157,168,42.258,52.179,0,3.532,1.445,2.607,5.201,11.229,0.238
693,158,168,30.076,18.575,0,3.482,1.483,2.727,5.536,12.126,0.238
694,158,169,29.490,19.232,0,3.517,1.412,2.499,4.900,10.420,0.250
695,159,168,55.483,47.656,0,2.844,1.395,2.476,4.920,10.702,0.170
696,159,169,54.491,47.747,0,3.195,1.314,2.183,4.017,8.048,0.250
697,159,170,54.854,47.919,0,2.908,1.367,2.361,4.505,9.289,0.193
698,159,171,54.716,47.756,0,2.416,1.362,2.352,4.530,9.541,0.284
699,160,168,42.861,58.589,0,3.103,1.371,2.367,4.528,9.420,0.170
700,160,169,42.841,58.450,0,3.160,1.430,2.566,5.117,11.090,0.250
701,160,170,43.239,57.632,0,2.612,1.349,2.289,4.315,8.866,0.284
702,160,171,43.301,57.227,0,2.551,1.312,2.174,3.981,7.916,0.237
703,161,170,44.313,30.795,0,2.872,1.421,2.527,4.977,10.616,0.190
704,161,171,44.225,30.052,0,2.934,1.417,2.536,5.065,11.036,0.200
705,161,172,44.339,30.143,0,2.846,1.415,2.512,4.940,10.524,0.250
706,162,170,69.109,32.666,0,2.687,1.353,2.313,4.378,8.987,0.312
707,162,171,68.432,33.576,0,3.221,1.330,2.198,3.965,7.650,0.200
708,163,172,21.853,13.432,0,3.380,1.399,2.433,4.649,9.553,0.268
709,163,173,22.334,13.888,0,3.399,1.430,2.552,5.047,10.828,0.250
710,163,174,22.720,13.647,0,3.572,1.497,2.781,5.721,12.734,0.349
711,163,175,22.972,14.141,0,3.224,1.571,3.055,6.576,15.256,0.348
712,163,176,22.631,14.355,0,3.387,1.612,3.180,6.914,16.140,0.250
713,163,177,22.472,13.449,0,3.442,1.601,3.141,6.784,15.725,0.250
714,163,178,22.480,13.236,0,3.538,1.522,2.880,6.042,13.704,0.341
715,163,179,21.618,14.152,0,3.464,1.526,2.885,6.023,13.542,0.200
716,163,180,21.698,13.898,0,3.082,1.469,2.696,5.495,12.153,0.252
717,164,172,30.375,19.599,0,3.339,1.325,2.207,4.051,8.039,0.268
718,164,173,30.139,19.948,0,2.499,1.418,2.547,5.098,11.112,0.250
719,165,172,62.555,52.087,0,3.908,1.438,2.579,5.117,10.982,0.250
720,165,173,62.882,52.031,0,3.334,1.542,2.938,6.158,13.867,0.250
721,165,174,62.664,53.058,0,2.835,1.477,2.732,5.635,12.647,0.333
722,165,175,62.691,52.618,0,3.353,1.518,2.842,5.873,13.082,0.348
723,166,174,51.547,40.646,0,3.378,1.542,2.936,6.165,13.922,0.349
724,166,175,52.071,40.611,0,4.603,1.487,2.749,5.620,12.407,0.333
725,166,176,51.743,40.781,0,4.556,1.547,2.954,6.233,14.171,0.250
726,166,177,51.985,40.670,0,4.496,1.500,2.813,5.854,13.184,0.250
727,166,178,51.492,40.944,0,3.991,1.465,2.655,5.308,11.458,0.250
728,166,179,51.584,40.348,0,4.476,1.602,3.132,6.731,15.514,0.200
729,167,176,61.787,14.949,0,2.907,1.486,2.756,5.672,12.649,0.250
730,167,177,62.359,15.275,0,2.973,1.509,2.837,5.915,13.347,0.250
731,167,178,61.846,14.757,0,3.166,1.587,3.120,6.781,15.870,0.250
732,167,179,61.401,15.488,0,2.950,1.494,2.759,5.619,12.331,0.230
733,167,180,60.768,16.303,0,2.989,1.449,2.624,5.268,11.467,0.261
734,167,181,60.837,15.998,0,3.333,1.482,2.745,5.637,12.530,0.185
735,168,176,10.524,38.800,0,2.539,1.456,2.699,5.607,12.714,0.250
736,168,177,11.389,39.016,0,2.598,1.447,2.638,5.339,11.705,0.250
737,169,179,11.542,39.633,0,2.609,1.311,2.166,3.953,7.837,0.200
738,169,180,11.966,39.727,0,2.983,1.373,2.388,4.633,9.826,0.178
739,169,181,12.030,39.681,0,2.745,1.349,2.290,4.303,8.768,0.180
740,170,180,77.191,31.770,0,2.520,1.335,2.253,4.216,8.588,0.290
741,170,181,77.119,31.864,0,2.502,1.367,2.350,4.487,9.329,0.315
742,170,182,77.175,31.352,0,2.810,1.298,2.107,3.743,7.140,0.251
743,171,181,52.611,40.637,0,2.689,1.398,2.463,4.833,10.335,0.210
744,171,182,52.353,40.286,0,3.075,1.433,2.561,5.060,10.814,0.253
745,171,183,52.349,39.881,0,2.558,1.369,2.392,4.691,10.113,0.200
746,171,184,52.737,40.735,0,3.334,1.393,2.444,4.766,10.121,0.200
747,171,185,52.532,41.326,0,3.036,1.460,2.691,5.551,12.499,0.218
748,172,182,41.230,46.710,0,3.951,1.581,3.034,6.364,14.245,0.250
749,172,183,41.052,47.360,0,3.930,1.440,2.583,5.126,10.992,0.200
750,172,184,41.191,47.150,0,4.247,1.497,2.775,5.687,12.583,0.167
751,172,185,41.236,47.484,0,3.614,1.490,2.735,5.527,12.023,0.167
752,172,186,41.413,47.691,0,4.064,1.414,2.476,4.770,9.896,0.250
753,172,187,41.570,48.369,0,4.007,1.414,2.487,4.819,10.074,0.254
754,172,188,41.582,48.574,0,3.932,1.502,2.780,5.660,12.405,0.251
755,173,182,48.525,63.739,0,3.115,1.345,2.262,4.191,8.381,0.253
756,173,183,48.546,63.387,0,3.397,1.356,2.277,4.180,8.220,0.201
757,173,184,48.228,63.365,0,3.297,1.350,2.266,4.161,8.192,0.199
758,173,185,47.712,63.602,0,3.336,1.390,2.402,4.560,9.320,0.172
759,174,184,21.725,14.045,0,3.441,1.486,2.742,5.587,12.277,0.212
760,174,185,22.144,12.884,0,3.960,1.506,2.806,5.772,12.804,0.168
761,174,186,22.242,13.581,0,4.387,1.483,2.723,5.514,12.034,0.461
762,174,187,22.111,13.840,0,3.826,1.530,2.904,6.097,13.813,0.250
763,174,188,22.486,14.314,0,4.263,1.489,2.752,5.615,12.338,0.315
764,174,189,22.692,13.724,0,4.455,1.459,2.635,5.240,11.217,0.391
765,174,190,22.533,13.676,0,4.424,1.416,2.486,4.796,9.944,0.200
766,174,191,23.090,13.797,0,4.259,1.435,2.559,5.040,10.720,0.200
767,174,192,23.418,14.215,0,3.873,1.577,3.071,6.605,15.293,0.201
768,174,193,22.901,13.890,0,3.391,1.551,2.989,6.371,14.635,0.304
769,174,194,23.625,14.032,0,4.206,1.525,2.864,5.928,13.205,0.250
770,174,195,24.076,14.234,0,3.946,1.492,2.778,5.739,12.836,0.250
771,174,196,23.766,14.710,0,4.509,1.391,2.428,4.689,9.812,0.250
772,174,197,24.304,14.787,0,4.632,1.358,2.305,4.303,8.656,0.333
773,174,198,24.490,14.630,0,4.425,1.345,2.265,4.195,8.377,0.250
774,174,199,24.926,14.765,0,4.336,1.523,2.849,5.846,12.858,0.250
775,174,200,24.651,14.736,0,3.685,1.536,2.906,6.046,13.493,0.250
776,174,201,24.530,14.814,0,3.903,1.451,2.609,5.153,10.935,0.167
777,174,202,25.303,14.934,0,4.819,1.444,2.595,5.156,11.075,0.200
778,174,203,25.159,15.053,0,4.959,1.425,2.533,4.975,10.561,0.333
779,174,204,25.107,14.673,0,5.119,1.396,2.434,4.691,9.783,0.250
780,174,205,24.598,14.716,0,5.110,1.420,2.508,4.884,10.271,0.333
781,174,206,24.715,14.812,0,5.395,1.375,2.357,4.440,9.007,0.500
782,174,207,24.751,15.134,0,4.044,1.478,2.710,5.482,11.938,0.264
783,174,208,24.202,14.739,0,4.576,1.460,2.650,5.322,11.570,0.333
784,174,209,24.880,15.155,0,4.989,1.459,2.642,5.279,11.381,0.333
785,174,210,24.323,15.157,0,3.955,1.537,2.893,5.987,13.303,0.251
786,174,211,23.806,14.429,0,4.119,1.459,2.633,5.234,11.212,0.373
787,174,212,24.614,14.442,0,3.269,1.520,2.868,5.986,13.479,0.200
788,175,184,59.551,15.950,0,3.287,1.498,2.794,5.774,12.893,0.212
789,175,185,59.569,15.922,0,3.145,1.431,2.582,5.184,11.307,0.223
790,175,186,59.680,15.180,0,3.853,1.509,2.832,5.882,13.200,0.250
791,175,187,59.707,15.186,0,4.294,1.411,2.484,4.829,10.147,0.254
792,175,188,59.746,15.444,0,3.878,1.375,2.362,4.472,9.137,0.250
793,175,189,59.918,15.208,0,3.668,1.456,2.628,5.215,11.126,0.333
794,175,190,59.378,15.329,0,3.285,1.436,2.574,5.110,10.994,0.200
795,176,186,72.665,23.349,0,4.381,1.502,2.781,5.666,12.421,0.460
796,176,187,72.765,22.878,0,4.536,1.543,2.927,6.105,13.678,0.250
797,176,188,72.899,22.746,0,4.274,1.543,2.917,6.061,13.526,0.314
798,176,189,73.271,23.262,0,4.641,1.457,2.621,5.186,11.040,0.391
799,176,190,73.414,23.262,0,4.104,1.493,2.739,5.521,11.962,0.200
800,176,191,73.599,22.868,0,3.632,1.534,2.906,6.062,13.589,0.200
801,176,192,74.319,23.230,0,3.416,1.470,2.681,5.408,11.793,0.204
802,176,193,74.367,23.389,0,3.452,1.523,2.891,6.093,13.905,0.327
803,177,190,49.382,18.370,0,3.409,1.561,3.000,6.352,14.462,0.273
804,177,191,49.120,18.385,0,2.986,1.453,2.656,5.400,11.931,0.359
805,177,192,49.022,18.518,0,2.978,1.445,2.623,5.291,11.579,0.200
806,178,192,43.294,47.824,0,3.632,1.521,2.860,5.951,13.373,0.205
807,178,193,42.317,47.898,0,3.638,1.477,2.723,5.575,12.382,0.219
808,178,194,42.336,48.193,0,3.681,1.519,2.852,5.912,13.209,0.250
809,179,192,47.505,63.717,0,3.211,1.377,2.363,4.454,9.039,0.201
810,179,193,47.372,63.502,0,3.400,1.469,2.673,5.355,11.558,0.228
811,179,194,47.603,63.404,0,3.093,1.442,2.567,5.018,10.542,0.250
812,180,194,48.789,18.289,0,3.446,1.425,2.533,4.969,10.533,0.251
813,180,195,48.178,17.546,0,3.769,1.632,3.261,7.167,16.878,0.250
814,181,195,60.498,14.188,0,3.101,1.576,3.068,6.591,15.221,0.256
815,181,196,60.537,13.865,0,3.895,1.594,3.108,6.663,15.322,0.250
816,182,196,42.695,11.444,0,3.313,1.405,2.453,4.715,9.762,0.250
817,182,197,42.030,12.064,0,3.665,1.426,2.550,5.051,10.837,0.333
818,182,198,42.074,12.184,0,3.213,1.379,2.376,4.504,9.200,0.250
819,182,199,42.895,12.121,0,2.760,1.426,2.557,5.093,11.017,0.250
820,183,196,12.652,39.557,0,4.094,1.484,2.737,5.589,12.357,0.250
821,183,197,13.695,39.641,0,4.036,1.498,2.775,5.675,12.513,0.333
822,183,198,13.451,39.531,0,4.359,1.467,2.640,5.200,10.972,0.255
823,183,199,13.265,39.332,0,3.669,1.512,2.832,5.864,13.115,0.250
824,184,198,47.803,15.846,0,4.084,1.471,2.694,5.460,11.957,0.255
825,184,199,47.753,15.630,0,3.389,1.388,2.416,4.655,9.726,0.250
826,184,200,47.382,15.521,0,3.895,1.433,2.564,5.073,10.859,0.250
827,184,201,43.590,12.502,0,3.047,1.553,2.960,6.207,13.986,0.257
828,184,202,43.632,12.206,0,3.140,1.411,2.479,4.798,10.015,0.284
829,184,203,44.384,12.474,0,4.036,1.581,3.051,6.468,14.713,0.333
830,184,204,45.091,14.238,0,3.663,1.656,3.336,7.377,17.445,0.250
831,185,200,59.031,51.752,0,3.090,1.492,2.765,5.675,12.606,0.250
832,185,201,59.066,51.658,0,2.773,1.445,2.624,5.304,11.661,0.275
833,185,202,59.155,51.840,0,3.070,1.439,2.591,5.179,11.245,0.284
834,186,201,13.769,40.296,0,3.146,1.526,2.911,6.175,14.202,0.257
835,186,202,13.352,40.743,0,4.143,1.481,2.741,5.635,12.575,0.200
836,186,203,12.671,40.686,0,3.480,1.544,2.967,6.326,14.597,0.333
837,186,204,12.558,40.390,0,3.359,1.567,3.032,6.486,14.947,0.250
838,187,204,43.244,45.723,0,2.822,1.401,2.507,5.036,11.098,0.250
839,187,205,43.072,46.425,0,2.981,1.511,2.866,6.042,13.801,0.333
840,188,206,43.054,11.728,0,4.141,1.500,2.787,5.711,12.601,0.500
841,188,207,43.327,12.083,0,4.027,1.403,2.471,4.836,10.300,0.264
842,188,208,43.201,12.235,0,4.068,1.416,2.495,4.839,10.117,0.333
843,188,209,42.880,12.102,0,3.861,1.422,2.529,4.985,10.637,0.333
844,188,210,42.362,12.146,0,4.009,1.434,2.565,5.056,10.726,0.251
845,188,211,42.390,12.569,0,4.171,1.395,2.434,4.690,9.759,0.373
846,188,212,42.396,12.473,0,4.100,1.358,2.304,4.300,8.655,0.200
847,188,213,41.916,12.735,0,3.846,1.445,2.606,5.200,11.228,0.200
848,188,214,42.500,12.586,0,4.238,1.407,2.461,4.735,9.819,0.270
849,188,215,42.026,12.508,0,3.943,1.462,2.651,5.299,11.417,0.234
850,188,216,41.620,13.325,0,3.994,1.454,2.624,5.213,11.141,0.254
851,188,217,41.676,14.031,0,3.767,1.486,2.742,5.595,12.316,0.241
852,188,218,42.237,13.751,0,3.615,1.420,2.507,4.878,10.233,0.250
853,188,219,42.612,13.685,0,3.301,1.434,2.541,4.943,10.344,0.255
854,188,220,42.682,13.634,0,3.553,1.412,2.458,4.677,9.523,0.297
855,188,221,42.581,13.585,0,3.314,1.388,2.382,4.476,9.020,0.273
856,188,222,42.743,13.389,0,3.281,1.454,2.624,5.229,11.257,0.143
857,188,223,42.858,13.650,0,3.082,1.557,2.993,6.364,14.598,0.167
858,189,210,43.387,64.391,0,2.907,1.422,2.520,4.924,10.391,0.250
859,189,211,43.657,64.518,0,2.805,1.415,2.502,4.898,10.393,0.333
860,190,212,71.582,19.215,0,3.502,1.405,2.436,4.621,9.388,0.200
861,190,213,71.415,19.270,0,3.318,1.435,2.549,4.976,10.450,0.286
862,190,214,70.933,19.492,0,3.917,1.435,2.561,5.034,10.664,0.257
863,190,215,71.071,19.395,0,4.070,1.419,2.510,4.908,10.385,0.234
864,190,216,71.583,19.781,0,3.789,1.505,2.828,5.902,13.347,0.256
865,190,217,71.558,19.019,0,3.787,1.536,2.919,6.127,13.856,0.241
866,190,218,71.523,19.272,0,3.556,1.568,3.030,6.457,14.793,0.250
867,190,219,72.164,18.866,0,2.905,1.470,2.705,5.520,12.187,0.337
868,191,212,51.316,40.734,0,3.090,1.388,2.446,4.812,10.338,0.200
869,191,213,51.487,40.285,0,3.277,1.385,2.415,4.679,9.870,0.382
870,192,214,50.556,16.538,0,4.518,1.570,3.010,6.344,14.347,0.250
871,192,215,50.436,16.332,0,4.371,1.628,3.204,6.892,15.827,0.200
872,192,216,49.834,16.276,0,4.475,1.570,3.019,6.382,14.487,0.250
873,193,217,52.080,39.011,0,2.738,1.431,2.601,5.280,11.687,0.227
874,193,218,51.942,39.519,0,3.169,1.527,2.881,6.011,13.542,0.250
875,194,219,41.762,65.054,0,3.053,1.467,2.674,5.385,11.706,0.338
876,194,220,41.911,64.432,0,3.485,1.373,2.358,4.467,9.141,0.297
877,194,221,41.425,63.782,0,3.405,1.417,2.492,4.817,10.033,0.273
878,194,222,41.433,64.348,0,2.642,1.416,2.491,4.836,10.156,0.203
879,194,223,41.521,64.522,0,3.173,1.433,2.549,4.994,10.551,0.167
880,194,224,41.215,64.138,0,2.713,1.490,2.767,5.689,12.648,0.307
881,194,225,41.313,64.567,0,2.389,1.429,2.537,4.962,10.456,0.250
882,195,220,66.981,54.829,0,2.685,1.409,2.517,5.021,10.931,0.355
883,195,221,67.362,54.451,0,2.318,1.304,2.136,3.843,7.449,0.200
884,196,221,47.464,33.690,0,3.187,1.551,2.942,6.133,13.735,0.202
885,196,222,47.377,33.523,0,2.885,1.523,2.860,5.921,13.206,0.232
886,197,222,62.835,27.445,0,2.778,1.425,2.512,4.872,10.172,0.201
887,197,223,63.076,26.521,0,2.708,1.467,2.674,5.386,11.715,0.167
888,197,224,62.840,27.201,0,3.227,1.517,2.834,5.840,12.971,0.200
889,198,223,67.450,54.371,0,2.003,1.267,2.041,3.628,6.995,0.189
890,198,224,67.603,54.611,0,2.037,1.292,2.110,3.790,7.347,0.200
891,199,224,50.014,16.784,0,3.660,1.658,3.370,7.530,17.995,0.200
892,199,225,52.207,16.418,0,3.734,1.470,2.676,5.380,11.678,0.250
893,199,226,52.347,16.116,0,3.007,1.489,2.740,5.555,12.121,0.202
894,200,225,72.591,34.315,0,3.317,1.548,2.972,6.309,14.412,0.258
895,200,226,72.276,34.385,0,2.967,1.547,2.990,6.399,14.745,0.211
896,200,227,72.214,34.427,0,3.539,1.480,2.755,5.708,12.825,0.172
897,200,228,72.357,34.428,0,3.598,1.402,2.501,4.982,10.824,0.200
898,200,229,72.242,34.455,0,3.530,1.457,2.673,5.449,12.039,0.200
899,201,225,40.391,45.421,0,3.180,1.605,3.198,7.078,16.919,0.258
900,201,226,40.457,46.400,0,3.494,1.643,3.297,7.280,17.236,0.167
901,201,227,40.265,46.221,0,3.805,1.606,3.177,6.925,16.207,0.167
902,201,228,39.820,46.519,0,4.021,1.589,3.109,6.714,15.603,0.322
903,201,229,39.764,45.625,0,4.002,1.670,3.414,7.705,18.675,0.201
904,202,226,57.735,10.516,0,2.529,1.492,2.801,5.860,13.301,0.167
905,202,227,57.545,10.654,0,2.540,1.326,2.235,4.198,8.617,0.170
906,203,226,51.269,43.276,0,3.112,1.536,2.896,6.005,13.377,0.232
907,203,227,51.239,42.752,0,3.387,1.559,2.982,6.272,14.170,0.171
908,203,228,51.501,43.356,0,4.031,1.569,3.010,6.345,14.355,0.322
909,203,229,52.231,42.847,0,3.832,1.601,3.132,6.740,15.555,0.201
910,203,230,51.496,43.387,0,4.128,1.571,3.027,6.414,14.577,0.201
911,204,227,55.557,51.199,0,2.751,1.378,2.415,4.744,10.239,0.170
912,204,228,55.833,51.875,0,3.141,1.421,2.541,5.065,11.012,0.236
913,204,229,60.552,51.398,0,3.288,1.538,2.962,6.364,14.851,0.200
914,204,230,60.106,52.157,0,3.448,1.531,2.930,6.229,14.327,0.200
915,205,228,41.860,65.336,0,2.967,1.447,2.605,5.167,11.043,0.236
916,205,229,42.567,64.926,0,2.802,1.445,2.589,5.110,10.869,0.200
917,206,230,29.960,14.757,0,4.375,1.634,3.262,7.169,16.896,0.201
918,206,231,30.901,16.221,0,3.801,1.668,3.377,7.492,17.762,0.250
919,206,232,30.961,16.647,0,4.098,1.639,3.286,7.233,17.027,0.167
920,206,233,29.789,16.599,0,3.939,1.655,3.353,7.490,17.955,0.175
921,207,230,61.173,16.106,0,2.626,1.330,2.214,4.034,7.894,0.200
922,207,231,60.124,15.906,0,2.522,1.296,2.126,3.848,7.542,0.250
923,207,232,60.542,15.710,0,2.345,1.229,1.905,3.232,5.907,0.167
924,207,233,60.653,15.794,0,2.375,1.243,1.950,3.347,6.173,0.167
925,208,233,52.409,18.308,0,4.183,1.669,3.376,7.503,17.865,0.175
926,208,234,52.157,17.981,0,5.080,1.587,3.109,6.730,15.692,0.333
927,208,235,52.335,18.174,0,4.059,1.520,2.890,6.101,13.953,0.256
928,208,236,52.573,17.975,0,4.112,1.570,3.059,6.600,15.370,0.250
929,208,237,53.587,17.548,0,3.674,1.443,2.585,5.116,10.955,0.373
930,208,238,54.543,17.426,0,4.170,1.473,2.686,5.409,11.763,0.250
931,208,239,55.230,17.035,0,3.933,1.504,2.791,5.705,12.532,0.421
932,208,240,54.497,16.839,0,4.202,1.556,2.992,6.353,14.526,0.200
933,208,241,53.795,16.837,0,3.176,1.534,2.925,6.196,14.216,0.349
934,209,233,39.060,46.221,0,3.129,1.427,2.559,5.110,11.105,0.197
935,209,234,39.408,46.306,0,3.446,1.325,2.227,4.165,8.518,0.334
936,209,235,39.245,46.489,0,3.088,1.467,2.709,5.564,12.419,0.250
937,209,236,38.741,46.710,0,3.820,1.497,2.766,5.640,12.415,0.250
938,209,237,38.524,46.797,0,3.819,1.411,2.486,4.841,10.202,0.305
939,209,238,38.456,46.348,0,3.030,1.422,2.529,4.984,10.660,0.262
940,210,233,47.987,48.758,0,3.144,1.482,2.744,5.629,12.478,0.197
941,210,234,48.537,48.066,0,3.140,1.395,2.457,4.817,10.289,0.334
942,211,235,27.329,17.427,0,3.586,1.456,2.623,5.211,11.169,0.250
943,211,236,27.366,17.630,0,3.478,1.416,2.470,4.717,9.653,0.251
944,212,235,28.738,59.784,0,4.171,1.454,2.639,5.312,11.592,0.256
945,212,236,29.238,59.611,0,3.441,1.505,2.813,5.820,13.020,0.251
946,212,237,28.458,59.514,0,3.555,1.471,2.692,5.452,11.959,0.321
947,212,238,27.559,59.248,0,3.009,1.490,2.774,5.745,12.909,0.272
948,212,239,27.486,59.102,0,3.771,1.493,2.772,5.698,12.662,0.421
949,212,240,26.712,59.096,0,2.891,1.616,3.199,6.984,16.390,0.200
950,213,238,21.111,48.509,0,2.775,1.520,2.875,6.023,13.632,0.260
951,213,239,20.878,49.057,0,2.843,1.456,2.631,5.244,11.264,0.333
952,214,240,42.569,14.307,0,2.785,1.428,2.548,5.035,10.773,0.200
953,214,241,42.801,14.530,0,2.952,1.420,2.494,4.810,9.966,0.278
954,214,242,42.662,14.723,0,2.734,1.398,2.421,4.600,9.397,0.328
955,214,243,41.940,15.449,0,2.465,1.371,2.356,4.473,9.189,0.401
956,214,244,41.765,15.676,0,2.786,1.341,2.246,4.122,8.124,0.143
957,214,245,41.189,16.600,0,2.671,1.313,2.141,3.809,7.243,0.251
958,214,246,40.825,16.115,0,2.351,1.343,2.254,4.146,8.190,0.229
959,214,247,40.242,16.216,0,2.311,1.402,2.481,4.882,10.449,0.173
960,214,248,40.447,16.125,0,2.512,1.296,2.122,3.829,7.470,0.200
961,214,249,40.257,15.956,0,2.639,1.370,2.362,4.499,9.272,0.173
962,214,250,39.549,15.914,0,2.696,1.423,2.531,4.987,10.644,0.250
963,215,240,75.233,32.484,0,2.249,1.282,2.061,3.629,6.875,0.226
964,215,241,75.270,32.929,0,2.449,1.390,2.434,4.745,10.077,0.200
965,215,242,75.787,31.864,0,2.504,1.402,2.440,4.666,9.588,0.430
966,216,241,63.329,40.733,0,3.157,1.510,2.851,5.993,13.672,0.349
967,216,242,62.978,40.386,0,3.063,1.592,3.123,6.772,15.804,0.167
968,216,243,63.172,40.183,0,4.116,1.505,2.817,5.849,13.156,0.143
969,216,244,63.264,40.290,0,3.642,1.512,2.828,5.849,13.062,0.143
970,216,245,62.930,39.814,0,3.514,1.425,2.565,5.148,11.264,0.385
971,216,246,63.404,40.401,0,3.723,1.434,2.531,4.902,10.202,0.200
972,216,247,64.113,40.770,0,3.152,1.521,2.830,5.784,12.681,0.256
973,216,248,64.123,41.340,0,2.830,1.421,2.549,5.095,11.074,0.204
974,216,249,64.383,41.140,0,2.555,1.513,2.879,6.115,14.107,0.317
975,217,241,55.874,52.684,0,3.089,1.404,2.483,4.891,10.515,0.278
976,217,242,55.435,53.155,0,2.638,1.408,2.500,4.934,10.590,0.407
977,217,243,55.560,53.071,0,2.318,1.364,2.388,4.721,10.303,0.402
978,217,244,55.884,52.428,0,2.195,1.386,2.464,4.921,10.798,0.151
979,218,242,38.693,46.057,0,2.601,1.378,2.396,4.626,9.712,0.494
980,218,243,39.550,46.552,0,3.020,1.528,2.860,5.884,13.003,0.143
981,219,243,69.911,44.577,0,2.550,1.418,2.561,5.180,11.449,0.165
982,219,244,70.468,44.351,0,2.436,1.414,2.467,4.715,9.668,0.154
983,220,244,29.361,58.334,0,2.597,1.460,2.697,5.577,12.586,0.247
984,220,245,28.784,58.715,0,3.536,1.471,2.674,5.351,11.529,0.385
985,220,246,28.982,59.403,0,2.570,1.481,2.747,5.650,12.570,0.200
986,221,246,24.608,18.056,0,3.132,1.514,2.867,6.037,13.772,0.200
987,221,247,24.852,17.821,0,3.024,1.508,2.821,5.847,13.106,0.242
988,221,248,24.678,17.659,0,3.006,1.586,3.129,6.870,16.338,0.200
989,222,246,63.937,48.531,0,2.154,1.337,2.263,4.246,8.643,0.229
990,222,247,64.241,48.630,0,2.229,1.335,2.242,4.164,8.390,0.173
991,223,247,57.708,10.642,0,3.248,1.575,3.024,6.367,14.348,0.184
992,223,248,57.724,10.719,0,3.489,1.537,2.919,6.130,13.892,0.200
993,223,249,58.175,10.851,0,3.970,1.486,2.731,5.531,12.063,0.167
994,223,250,57.779,11.511,0,3.711,1.580,3.043,6.439,14.619,0.250
995,223,251,57.665,11.713,0,3.608,1.497,2.752,5.552,12.025,0.250
996,223,252,57.965,11.878,0,2.862,1.561,3.000,6.349,14.421,0.205
997,223,253,58.130,12.581,0,3.275,1.584,3.101,6.711,15.656,0.252
998,223,254,56.471,13.662,0,4.080,1.676,3.398,7.547,17.902,0.200
999,223,255,56.234,13.863,0,4.702,1.628,3.236,7.084,16.631,0.250
1000,223,256,56.076,14.518,0,5.625,1.604,3.151,6.809,15.789,0.250
1001,223,257,56.304,15.357,0,5.469,1.502,2.789,5.714,12.615,0.333
1002,223,258,56.743,15.029,0,5.762,1.545,2.936,6.145,13.826,0.500
1003,223,259,56.754,14.483,0,7.015,1.485,2.716,5.458,11.782,0.500
1004,223,260,56.648,14.316,0,7.193,1.490,2.749,5.595,12.275,0.500
1005,223,261,56.420,14.262,0,5.797,1.551,2.965,6.247,14.146,0.333
1006,223,262,56.455,14.276,0,5.814,1.626,3.224,7.012,16.314,0.500
1007,223,263,57.703,13.610,0,6.390,1.590,3.085,6.575,15.019,0.333
1008,223,264,57.474,13.371,0,5.839,1.527,2.880,6.000,13.489,0.200
1009,223,265,56.730,13.543,0,5.352,1.542,2.942,6.211,14.157,0.250
1010,223,266,56.813,13.552,0,5.073,1.558,2.973,6.242,14.079,0.333
1011,223,267,56.394,12.970,0,4.635,1.640,3.279,7.196,16.891,0.200
1012,223,268,56.576,13.417,0,5.125,1.710,3.498,7.792,18.449,0.200
1013,223,269,58.462,14.126,0,3.925,1.593,3.114,6.708,15.517,0.200
1014,224,247,54.699,16.847,0,3.262,1.353,2.284,4.225,8.392,0.167
1015,224,248,54.916,16.835,0,3.085,1.450,2.661,5.456,12.193,0.204
1016,225,249,56.815,52.173,0,2.603,1.513,2.870,6.061,13.885,0.317
1017,225,250,57.484,52.109,0,2.688,1.554,3.027,6.555,15.361,0.250
1018,225,251,57.787,52.257,0,3.232,1.498,2.761,5.606,12.261,0.367
1019,225,252,58.302,52.298,0,3.736,1.463,2.663,5.363,11.690,0.200
1020,225,253,57.737,51.997,0,3.249,1.495,2.792,5.784,12.976,0.289
1021,225,254,58.974,51.432,0,3.176,1.471,2.739,5.708,12.972,0.213
1022,225,255,58.731,51.447,0,3.505,1.471,2.710,5.542,12.284,0.250
1023,225,256,58.758,52.379,0,2.861,1.492,2.797,5.836,13.211,0.406
1024,226,251,25.504,17.716,0,3.223,1.513,2.884,6.152,14.284,0.366
1025,226,252,24.519,17.500,0,3.041,1.495,2.790,5.800,13.112,0.219
1026,226,253,25.725,17.549,0,3.405,1.459,2.675,5.483,12.266,0.287
1027,226,254,26.574,17.529,0,3.080,1.600,3.174,6.983,16.584,0.200
1028,226,255,25.845,17.410,0,3.125,1.418,2.515,4.938,10.515,0.250
1029,227,253,40.478,15.970,0,2.338,1.310,2.161,3.929,7.716,0.250
1030,227,254,40.555,15.399,0,2.722,1.431,2.557,5.065,10.902,0.200
1031,228,255,28.400,59.576,0,2.490,1.339,2.229,4.059,7.929,0.250
1032,228,256,29.080,59.335,0,2.799,1.478,2.722,5.541,12.172,0.406
1033,229,256,41.764,44.528,0,3.611,1.503,2.812,5.822,13.023,0.250
1034,229,257,41.417,44.709,0,3.482,1.416,2.504,4.904,10.419,0.333
1035,230,257,62.517,38.569,0,3.035,1.371,2.364,4.537,9.506,0.333
1036,230,258,62.682,39.187,0,3.112,1.343,2.256,4.166,8.296,0.500
1037,231,259,41.478,45.282,0,2.489,1.450,2.671,5.525,12.514,0.500
1038,231,260,41.110,44.494,0,3.692,1.542,2.936,6.181,14.034,0.500
1039,231,261,40.367,45.035,0,3.802,1.518,2.896,6.165,14.266,0.335
1040,231,262,40.666,45.007,0,3.739,1.519,2.871,6.022,13.688,0.500
1041,231,263,40.100,45.283,0,3.858,1.529,2.932,6.256,14.464,0.333
1042,231,264,40.235,45.284,0,3.903,1.523,2.857,5.913,13.198,0.206
1043,231,265,40.575,45.406,0,3.474,1.541,2.920,6.111,13.793,0.250
1044,231,266,40.944,45.346,0,4.341,1.482,2.742,5.636,12.569,0.333
1045,231,267,40.509,45.070,0,4.156,1.453,2.655,5.399,11.922,0.200
1046,231,268,40.237,45.629,0,5.365,1.424,2.517,4.894,10.259,0.200
1047,231,269,40.159,45.725,0,5.455,1.526,2.875,5.980,13.410,0.200
1048,231,270,40.115,46.230,0,4.197,1.500,2.804,5.810,13.027,0.250
1049,231,271,39.623,46.464,0,3.920,1.433,2.567,5.098,10.978,0.250
1050,231,272,39.470,46.586,0,3.442,1.468,2.685,5.448,11.982,0.426
1051,232,263,60.781,51.348,0,3.152,1.471,2.710,5.556,12.369,0.333
1052,232,264,61.549,50.786,0,3.525,1.493,2.816,5.922,13.517,0.209
1053,233,264,76.643,31.410,0,3.390,1.383,2.434,4.801,10.392,0.200
1054,233,265,76.429,31.547,0,2.705,1.405,2.505,4.997,10.913,0.250
1055,234,264,65.941,34.839,0,3.722,1.461,2.665,5.394,11.845,0.215
1056,234,265,65.975,34.457,0,3.290,1.438,2.582,5.118,10.952,0.250
1057,234,266,63.771,38.400,0,3.256,1.383,2.420,4.707,9.961,0.333
1058,234,267,66.034,33.287,0,3.026,1.460,2.664,5.376,11.709,0.200
1059,234,268,66.483,33.165,0,3.065,1.429,2.545,4.999,10.593,0.223
1060,234,269,67.548,33.685,0,2.786,1.367,2.401,4.752,10.368,0.202
1061,234,270,67.308,34.147,0,2.628,1.341,2.279,4.300,8.833,0.250
1062,235,268,47.825,18.436,0,3.386,1.344,2.327,4.552,9.857,0.208
1063,235,269,47.792,17.806,0,2.997,1.312,2.173,3.981,7.928,0.202
1064,235,270,48.292,17.976,0,2.946,1.395,2.453,4.797,10.212,0.255
1065,235,271,48.793,18.279,0,3.391,1.423,2.532,4.997,10.718,0.250
1066,235,272,48.847,18.327,0,3.414,1.422,2.524,4.959,10.564,0.420
1067,235,273,48.895,17.468,0,3.132,1.425,2.527,4.959,10.546,0.222
1068,236,268,65.266,42.408,0,3.274,1.437,2.558,5.002,10.513,0.230
1069,236,269,65.458,42.572,0,3.247,1.385,2.400,4.599,9.555,0.201
1070,236,270,65.559,42.138,0,3.182,1.449,2.603,5.158,11.021,0.255
1071,237,271,56.843,12.612,0,4.621,1.577,3.066,6.573,15.159,0.250
1072,237,272,56.725,13.004,0,4.616,1.585,3.092,6.657,15.401,0.200
1073,237,273,56.650,13.677,0,3.975,1.644,3.294,7.258,17.142,0.200
1074,237,274,56.651,13.643,0,4.627,1.595,3.106,6.656,15.310,0.333
1075,237,275,56.496,15.158,0,3.795,1.624,3.233,7.079,16.601,0.200
1076,237,276,55.492,15.406,0,4.838,1.649,3.330,7.405,17.650,0.333
1077,237,277,55.405,15.730,0,4.559,1.581,3.096,6.694,15.571,0.250
1078,237,278,55.419,16.487,0,3.745,1.486,2.765,5.706,12.738,0.200
1079,237,279,55.417,16.147,0,4.658,1.603,3.133,6.706,15.338,0.200
1080,237,280,54.794,17.035,0,3.698,1.455,2.668,5.450,12.095,0.201
1081,237,281,54.495,16.978,0,3.897,1.652,3.325,7.360,17.459,0.253
1082,237,282,54.845,17.392,0,4.601,1.530,2.905,6.108,13.874,0.200
1083,237,283,55.705,17.075,0,4.360,1.625,3.226,7.047,16.498,0.167
1084,237,284,55.701,16.966,0,4.898,1.577,3.088,6.699,15.669,0.250
1085,237,285,55.596,17.635,0,5.019,1.610,3.188,6.973,16.406,0.250
1086,237,286,54.881,17.391,0,4.391,1.472,2.736,5.691,12.915,0.357
1087,237,287,53.926,18.024,0,3.442,1.460,2.714,5.650,12.819,0.250
1088,238,271,77.274,31.441,0,3.013,1.348,2.259,4.148,8.183,0.250
1089,238,272,77.610,32.107,0,3.319,1.404,2.458,4.746,9.904,0.316
1090,239,272,61.299,51.691,0,3.493,1.456,2.651,5.356,11.726,0.438
1091,239,273,62.141,51.028,0,2.939,1.429,2.613,5.379,12.139,0.222
1092,240,273,65.338,32.604,0,4.166,1.445,2.604,5.203,11.275,0.219
1093,240,274,64.810,32.784,0,4.929,1.477,2.737,5.636,12.591,0.333
1094,240,275,64.828,32.705,0,4.196,1.470,2.709,5.554,12.366,0.200
1095,240,276,64.760,32.397,0,4.735,1.513,2.842,5.910,13.282,0.333
1096,241,273,64.519,43.023,0,3.962,1.467,2.676,5.393,11.731,0.219
1097,241,274,64.512,42.965,0,3.808,1.414,2.523,5.006,10.794,0.333
1098,241,275,64.217,42.674,0,2.654,1.381,2.385,4.533,9.288,0.209
1099,241,276,63.170,42.680,0,3.264,1.431,2.537,4.946,10.368,0.333
1100,242,277,27.108,17.696,0,3.380,1.551,2.947,6.150,13.772,0.250
1101,242,278,26.819,17.418,0,3.304,1.524,2.835,5.782,12.648,0.200
1102,243,277,43.420,56.111,0,2.968,1.397,2.459,4.813,10.266,0.253
1103,243,278,43.434,55.679,0,2.620,1.388,2.394,4.534,9.235,0.200
1104,244,279,58.206,14.729,0,3.540,1.633,3.319,7.476,18.107,0.200
1105,244,280,58.243,13.887,0,3.002,1.554,3.019,6.511,15.163,0.200
1106,245,279,66.003,32.380,0,2.930,1.455,2.632,5.257,11.336,0.206
1107,245,280,66.720,32.952,0,2.630,1.416,2.570,5.250,11.756,0.216
1108,246,280,62.117,30.376,0,3.619,1.552,2.980,6.326,14.483,0.201
1109,246,281,61.475,30.524,0,4.135,1.595,3.142,6.842,16.036,0.253
1110,247,281,78.050,32.636,0,3.301,1.575,3.069,6.608,15.304,0.250
1111,247,282,78.610,31.976,0,3.469,1.535,2.954,6.339,14.775,0.200
1112,247,283,78.757,32.405,0,3.313,1.593,3.136,6.816,15.925,0.167
1113,248,281,62.496,51.814,0,3.719,1.445,2.588,5.108,10.883,0.250
1114,248,282,63.243,51.368,0,4.358,1.424,2.518,4.904,10.308,0.200
1115,248,283,63.421,51.753,0,3.601,1.522,2.857,5.919,13.235,0.167
1116,248,284,62.574,51.437,0,3.711,1.497,2.750,5.542,11.979,0.250
1117,249,282,66.837,33.660,0,3.083,1.443,2.616,5.270,11.529,0.253
1118,249,283,67.263,32.980,0,3.532,1.363,2.350,4.515,9.469,0.167
1119,249,284,66.995,33.223,0,3.244,1.352,2.295,4.304,8.740,0.252
1120,249,285,66.932,33.600,0,3.596,1.342,2.260,4.199,8.438,0.250
1121,249,286,66.550,33.238,0,2.610,1.366,2.334,4.395,8.935,0.250
1122,249,287,67.089,33.008,0,3.104,1.404,2.511,5.035,11.050,0.251
1123,249,288,66.637,32.720,0,3.315,1.435,2.572,5.102,10.960,0.276
1124,249,289,67.224,33.051,0,3.224,1.385,2.427,4.736,10.062,0.271
1125,249,290,66.979,32.904,0,3.139,1.443,2.624,5.303,11.635,0.200
1126,249,291,66.056,32.357,0,3.167,1.544,2.962,6.289,14.403,0.205
1127,250,285,26.269,16.836,0,3.246,1.461,2.670,5.436,12.046,0.250
1128,250,286,28.288,16.666,0,3.159,1.516,2.881,6.089,13.963,0.250
1129,251,286,63.006,51.160,0,4.292,1.456,2.651,5.361,11.769,0.357
1130,251,287,62.774,50.953,0,4.175,1.467,2.674,5.378,11.671,0.250
1131,251,288,62.607,51.120,0,3.638,1.467,2.669,5.369,11.669,0.225
1132,251,289,62.794,51.912,0,3.311,1.410,2.470,4.763,9.901,0.271
1133,251,290,62.179,52.054,0,3.553,1.383,2.403,4.627,9.678,0.200
1134,251,291,61.760,51.914,0,3.498,1.437,2.574,5.086,10.851,0.200
1135,251,292,61.635,52.102,0,3.364,1.429,2.562,5.094,10.970,0.250
1136,252,287,47.533,17.698,0,2.826,1.366,2.331,4.385,8.932,0.251
1137,252,288,48.108,18.094,0,2.894,1.380,2.404,4.643,9.734,0.212
1138,252,289,48.530,17.576,0,2.910,1.322,2.193,4.009,7.938,0.168
1139,253,288,75.773,31.018,0,2.656,1.381,2.422,4.726,10.040,0.212
1140,253,289,76.477,31.188,0,3.099,1.476,2.733,5.634,12.614,0.226
1141,254,290,55.487,17.287,0,4.466,1.731,3.603,8.195,19.862,0.200
1142,254,291,55.860,16.988,0,4.701,1.613,3.199,7.007,16.514,0.200
1143,254,292,55.721,16.604,0,5.456,1.553,2.970,6.264,14.226,0.250
1144,254,293,54.939,16.437,0,4.940,1.508,2.838,5.935,13.445,0.250
1145,254,294,55.782,16.815,0,4.741,1.524,2.879,6.015,13.574,0.338
1146,254,295,55.152,16.787,0,3.881,1.543,2.969,6.346,14.679,0.250
1147,254,296,55.672,16.745,0,3.944,1.634,3.260,7.158,16.846,0.250
1148,254,297,55.378,16.715,0,4.537,1.599,3.131,6.756,15.664,0.333
1149,254,298,54.514,16.959,0,4.116,1.598,3.159,6.912,16.291,0.333
1150,254,299,55.524,16.425,0,4.853,1.588,3.080,6.558,14.965,0.200
1151,255,292,48.706,17.284,0,4.004,1.442,2.586,5.124,10.968,0.250
1152,255,293,49.066,17.495,0,3.975,1.434,2.578,5.133,11.070,0.252
1153,255,294,49.420,17.460,0,4.542,1.461,2.660,5.368,11.735,0.338
1154,255,295,49.993,17.451,0,4.519,1.521,2.874,6.018,13.624,0.250
1155,255,296,49.728,17.712,0,3.406,1.560,2.996,6.355,14.536,0.250
1156,256,293,29.160,17.432,0,3.669,1.468,2.668,5.345,11.537,0.252
1157,256,294,29.198,17.328,0,3.934,1.420,2.513,4.903,10.326,0.333
1158,257,295,65.822,32.445,0,3.848,1.412,2.487,4.832,10.141,0.250
1159,257,296,65.419,33.108,0,4.290,1.457,2.634,5.254,11.315,0.250
1160,257,297,65.388,33.375,0,3.737,1.494,2.740,5.523,11.966,0.333
1161,257,298,65.706,32.892,0,4.705,1.473,2.691,5.426,11.800,0.333
1162,257,299,65.561,33.468,0,3.849,1.534,2.873,5.898,12.969,0.200
1163,257,300,64.892,33.400,0,4.115,1.561,2.994,6.330,14.397,0.260
1164,257,301,64.752,33.423,0,4.239,1.474,2.696,5.450,11.899,0.333
1165,257,302,64.735,33.580,0,4.153,1.481,2.713,5.470,11.859,0.250
1166,257,303,64.605,34.215,0,4.518,1.592,3.106,6.676,15.424,0.398
1167,257,304,65.140,34.329,0,4.277,1.533,2.922,6.168,14.073,0.265
1168,257,305,65.357,33.505,0,4.315,1.551,2.949,6.166,13.858,0.200
1169,257,306,65.303,33.083,0,4.438,1.528,2.869,5.931,13.189,0.251
1170,257,307,65.469,33.401,0,4.495,1.479,2.687,5.363,11.514,0.200
1171,257,308,65.264,33.567,0,4.379,1.566,3.001,6.316,14.267,0.200
1172,258,298,65.778,25.775,0,3.071,1.478,2.685,5.355,11.463,0.333
1173,258,299,65.061,25.279,0,2.931,1.442,2.595,5.167,11.133,0.227
1174,258,300,64.610,24.734,0,3.262,1.465,2.656,5.306,11.436,0.250
1175,258,301,64.883,24.463,0,3.882,1.400,2.442,4.690,9.718,0.333
1176,258,302,64.783,24.205,0,3.197,1.397,2.458,4.800,10.186,0.401
1177,259,299,64.534,52.739,0,2.981,1.519,2.853,5.918,13.239,0.206
1178,259,300,64.809,52.424,0,3.994,1.494,2.771,5.681,12.576,0.260
1179,260,299,23.237,57.840,0,2.719,1.434,2.570,5.104,10.979,0.221
1180,260,300,24.356,57.640,0,2.735,1.406,2.497,4.930,10.575,0.250
1181,260,301,23.640,57.817,0,3.067,1.362,2.318,4.343,8.781,0.333
1182,260,302,23.494,58.444,0,3.239,1.380,2.367,4.446,8.962,0.401
1183,261,302,54.660,16.978,0,4.107,1.587,3.136,6.878,16.270,0.250
1184,261,303,55.306,16.471,0,4.451,1.542,2.938,6.183,14.024,0.398
1185,261,304,55.336,16.521,0,4.991,1.550,2.945,6.155,13.811,0.250
1186,261,305,55.381,16.695,0,5.957,1.488,2.740,5.562,12.170,0.200
1187,261,306,56.209,17.047,0,5.214,1.580,3.066,6.558,15.077,0.200
1188,261,307,55.371,16.563,0,5.076,1.705,3.482,7.747,18.314,0.200
1189,261,308,56.258,17.122,0,5.036,1.655,3.314,7.263,16.983,0.200
1190,261,309,55.458,16.572,0,5.731,1.581,3.058,6.502,14.821,0.333
1191,261,310,55.430,16.779,0,4.573,1.620,3.197,6.923,16.045,0.167
1192,261,311,55.557,16.500,0,5.240,1.575,3.051,6.520,14.995,0.200
1193,261,312,55.716,16.498,0,5.965,1.596,3.117,6.705,15.499,0.333
1194,261,313,55.807,16.662,0,7.072,1.492,2.755,5.614,12.341,0.500
1195,261,314,55.787,17.105,0,7.129,1.519,2.843,5.859,12.997,0.500
1196,261,315,55.859,17.275,0,6.509,1.445,2.608,5.213,11.293,0.500
1197,261,316,56.431,16.712,0,6.777,1.500,2.781,5.687,12.538,0.500
1198,261,317,55.786,16.650,0,7.356,1.431,2.554,5.040,10.764,0.333
1199,261,318,55.734,16.483,0,7.814,1.407,2.453,4.697,9.671,0.333
1200,261,319,55.770,16.541,0,7.237,1.391,2.397,4.529,9.186,0.333
1201,261,320,55.880,16.484,0,7.173,1.465,2.660,5.325,11.496,0.333
1202,261,321,56.150,16.694,0,7.579,1.492,2.743,5.555,12.103,0.500
1203,261,322,55.767,16.999,0,6.725,1.521,2.854,5.897,13.113,0.333
1204,261,323,55.673,16.623,0,6.844,1.495,2.771,5.679,12.558,0.333
1205,261,324,55.477,16.715,0,7.065,1.500,2.762,5.583,12.123,0.333
1206,261,325,55.639,16.825,0,6.725,1.542,2.912,6.044,13.478,0.500
1207,261,326,55.651,17.029,0,6.212,1.493,2.761,5.626,12.349,0.500
1208,261,327,55.709,17.142,0,6.255,1.461,2.649,5.303,11.454,0.333
1209,261,328,55.360,16.890,0,6.422,1.532,2.898,6.059,13.666,0.500
1210,261,329,54.724,17.207,0,6.863,1.474,2.679,5.352,11.497,0.333
1211,261,330,54.621,17.010,0,7.063,1.578,3.062,6.553,15.085,1.000
1212,261,331,54.778,17.130,0,6.262,1.547,2.948,6.205,14.072,0.250
1213,261,332,54.560,17.121,0,5.979,1.517,2.836,5.842,12.960,0.333
1214,261,333,54.554,16.778,0,6.844,1.543,2.922,6.092,13.659,0.333
1215,261,334,54.645,16.464,0,6.725,1.597,3.119,6.693,15.403,0.250
1216,261,335,55.177,16.378,0,5.837,1.617,3.185,6.883,15.933,0.250
1217,261,336,54.908,15.758,0,4.955,1.629,3.252,7.166,16.979,0.167
1218,261,337,55.114,15.296,0,6.353,1.632,3.257,7.166,16.934,0.500
1219,261,338,54.812,15.451,0,5.749,1.697,3.470,7.753,18.481,0.250
1220,261,339,54.799,16.390,0,5.933,1.665,3.348,7.375,17.353,0.333
1221,261,340,54.505,16.237,0,5.775,1.629,3.237,7.062,16.499,0.333
1222,261,341,54.401,16.460,0,5.079,1.610,3.152,6.780,15.630,0.333
1223,261,342,54.718,16.555,0,6.468,1.563,3.006,6.376,14.546,0.250
1224,261,343,54.462,16.807,0,5.771,1.627,3.227,7.024,16.364,0.200
1225,261,344,54.802,16.858,0,6.535,1.502,2.795,5.739,12.707,0.500
1226,261,345,54.484,16.745,0,4.784,1.474,2.704,5.486,12.021,0.333
1227,261,346,54.813,16.702,0,3.967,1.520,2.864,5.965,13.404,0.337
1228,262,303,43.593,64.881,0,3.317,1.396,2.432,4.670,9.684,0.333
1229,262,304,43.602,65.191,0,3.515,1.416,2.475,4.740,9.741,0.250
1230,262,305,43.537,65.433,0,3.575,1.396,2.411,4.559,9.247,0.214
1231,262,306,43.836,65.383,0,3.426,1.410,2.451,4.667,9.528,0.204
1232,262,307,43.884,65.473,0,3.332,1.428,2.523,4.896,10.215,0.200
1233,263,305,23.201,57.925,0,3.151,1.361,2.320,4.360,8.849,0.201
1234,263,306,23.548,57.770,0,3.278,1.330,2.211,4.039,7.955,0.204
1235,264,306,40.301,45.354,0,4.294,1.551,2.950,6.176,13.900,0.251
1236,264,307,39.590,45.673,0,3.747,1.543,2.920,6.095,13.717,0.200
1237,264,308,40.148,45.771,0,3.878,1.526,2.871,5.956,13.314,0.200
1238,265,307,77.671,34.209,0,3.023,1.323,2.211,4.099,8.279,0.200
1239,265,308,77.493,34.540,0,3.190,1.382,2.403,4.643,9.757,0.200
1240,266,309,74.998,42.260,0,3.077,1.281,2.084,3.759,7.389,0.333
1241,266,310,74.816,42.237,0,2.462,1.254,1.993,3.476,6.537,0.167
1242,267,310,75.571,30.244,0,2.751,1.401,2.450,4.703,9.699,0.287
1243,267,311,75.057,30.109,0,2.511,1.356,2.337,4.468,9.273,0.202
1244,268,310,43.821,65.646,0,2.928,1.407,2.460,4.743,9.876,0.204
1245,268,311,44.137,65.621,0,3.474,1.430,2.537,4.958,10.445,0.200
1246,268,312,44.221,65.925,0,3.918,1.440,2.576,5.076,10.776,0.335
1247,269,311,29.283,15.455,0,2.926,1.436,2.589,5.193,11.343,0.200
1248,269,312,29.268,15.332,0,3.603,1.467,2.668,5.363,11.662,0.335
1249,269,313,29.798,15.411,0,3.470,1.440,2.577,5.086,10.845,0.500
1250,269,314,30.155,15.623,0,3.235,1.444,2.602,5.188,11.198,0.500
1251,270,317,42.269,65.772,0,2.983,1.445,2.612,5.233,11.356,0.333
1252,270,318,42.808,65.569,0,2.819,1.383,2.402,4.619,9.627,0.333
1253,270,319,42.635,65.444,0,3.003,1.354,2.283,4.233,8.461,0.333
1254,270,320,42.326,65.089,0,2.842,1.414,2.503,4.909,10.435,0.333
1255,271,319,65.279,51.439,0,3.946,1.539,2.928,6.154,13.943,0.333
1256,271,320,65.745,51.363,0,3.779,1.533,2.910,6.109,13.848,0.333
1257,271,321,65.810,51.274,0,3.969,1.502,2.782,5.680,12.509,0.500
1258,272,323,51.689,45.692,0,2.172,1.248,1.995,3.545,6.897,0.333
1259,272,324,51.416,45.189,0,2.716,1.351,2.344,4.585,9.912,0.333
1260,273,323,18.138,46.246,0,3.175,1.458,2.632,5.239,11.232,0.333
1261,273,324,18.464,46.163,0,3.110,1.457,2.651,5.347,11.682,0.333
1262,274,326,66.342,27.804,0,2.387,1.322,2.201,4.049,8.088,0.500
1263,274,327,65.964,28.273,0,2.345,1.401,2.503,5.014,10.999,0.337
1264,275,328,50.758,45.203,0,2.767,1.360,2.319,4.363,8.865,0.500
1265,275,329,46.540,42.669,0,2.313,1.357,2.319,4.384,8.984,0.333
1266,276,331,62.436,43.724,0,3.344,1.568,3.030,6.488,15.002,0.257
1267,276,332,64.336,44.218,0,2.591,1.327,2.215,4.082,8.152,0.333
1268,276,333,64.583,44.365,0,3.374,1.307,2.154,3.928,7.791,0.334
1269,277,331,67.663,58.678,0,3.180,1.506,2.818,5.830,13.000,0.257
1270,277,332,67.855,58.251,0,3.223,1.372,2.374,4.563,9.535,0.333
1271,278,334,67.737,57.402,0,2.802,1.299,2.125,3.826,7.446,0.251
1272,278,335,67.391,57.322,0,2.526,1.312,2.185,4.052,8.224,0.251
1273,278,336,67.618,57.163,0,2.642,1.305,2.205,4.219,8.978,0.170
1274,279,335,76.729,41.713,0,2.830,1.364,2.328,4.381,8.902,0.257
1275,279,336,76.766,41.908,0,2.959,1.402,2.466,4.806,10.152,0.245
1276,280,335,64.709,44.464,0,3.102,1.368,2.337,4.395,8.914,0.256
1277,280,336,65.111,45.238,0,2.862,1.459,2.675,5.475,12.209,0.182
1278,280,337,65.410,45.238,0,3.001,1.400,2.493,4.976,10.883,0.500
1279,281,338,68.000,57.456,0,2.620,1.406,2.486,4.893,10.496,0.252
1280,281,339,67.682,57.333,0,2.857,1.421,2.524,4.959,10.551,0.333
1281,281,340,67.764,57.224,0,3.753,1.371,2.355,4.472,9.198,0.333
1282,281,341,67.826,56.765,0,3.479,1.490,2.769,5.682,12.580,0.333
1283,281,342,67.569,57.224,0,4.044,1.400,2.458,4.786,10.111,0.250
1284,281,343,67.521,56.543,0,3.557,1.597,3.144,6.837,15.980,0.203
1285,282,339,66.107,42.757,0,3.609,1.604,3.137,6.735,15.484,0.333
1286,282,340,66.313,43.200,0,4.041,1.599,3.120,6.685,15.360,0.333
1287,282,341,66.522,42.634,0,3.842,1.587,3.082,6.584,15.093,0.333
1288,282,342,66.782,42.458,0,4.463,1.469,2.669,5.351,11.573,0.250
1289,282,343,66.691,41.898,0,3.444,1.524,2.875,5.998,13.517,0.203
1290,283,343,79.593,34.994,0,2.583,1.337,2.286,4.381,9.223,0.228
1291,283,344,79.667,34.501,0,3.511,1.329,2.225,4.118,8.273,0.500
1292,284,345,61.677,33.061,0,4.610,1.584,3.091,6.656,15.418,0.333
1293,284,346,61.453,33.135,0,4.268,1.518,2.865,5.996,13.575,0.337
1294,284,347,60.900,33.243,0,3.542,1.469,2.710,5.584,12.542,0.277
1295,284,348,60.077,33.049,0,2.424,1.490,2.806,5.903,13.506,0.311
1296,284,349,60.599,33.136,0,2.550,1.457,2.677,5.503,12.358,0.181
1297,284,350,60.445,32.578,0,2.528,1.526,2.894,6.071,13.751,0.352
1298,284,351,60.701,33.011,0,3.094,1.511,2.873,6.097,14.059,0.250
1299,285,345,77.745,43.329,0,3.777,1.464,2.663,5.357,11.647,0.333
1300,285,346,76.724,42.689,0,3.611,1.448,2.618,5.239,11.332,0.333
1301,285,347,76.431,42.614,0,3.410,1.466,2.666,5.346,11.550,0.277
1302,285,348,75.732,41.849,0,2.534,1.476,2.716,5.543,12.259,0.344
1303,285,349,75.401,42.448,0,2.863,1.538,2.942,6.235,14.270,0.144
1304,286,347,62.499,40.294,0,3.035,1.459,2.643,5.285,11.401,0.200
1305,286,348,62.649,40.275,0,2.454,1.449,2.617,5.232,11.304,0.256
1306,286,349,62.722,40.266,0,2.416,1.326,2.237,4.206,8.635,0.162
1307,287,347,40.970,44.375,0,2.636,1.373,2.372,4.531,9.377,0.200
1308,287,348,40.387,44.706,0,2.111,1.325,2.212,4.066,8.086,0.200
1309,288,348,56.704,15.948,0,3.672,1.671,3.396,7.571,18.036,0.125
1310,288,349,55.982,14.757,0,3.176,1.564,3.030,6.481,14.914,0.144
1311,288,350,55.602,14.449,0,2.883,1.599,3.131,6.731,15.490,0.143
1312,289,349,57.412,19.259,0,3.348,1.476,2.733,5.640,12.659,0.143
1313,289,350,57.926,18.523,0,3.049,1.470,2.711,5.558,12.356,0.143
1314,289,351,58.045,17.942,0,2.968,1.550,2.994,6.408,14.795,0.244
1315,289,352,57.668,16.354,0,4.312,1.671,3.387,7.519,17.825,0.143
1316,289,353,57.749,16.475,0,3.906,1.480,2.739,5.620,12.478,0.250
1317,289,354,57.974,16.665,0,3.918,1.525,2.876,5.999,13.507,0.200
1318,289,355,56.591,16.678,0,4.654,1.658,3.340,7.395,17.549,0.333
1319,289,356,56.025,17.218,0,3.217,1.631,3.288,7.341,17.641,0.250
1320,290,349,50.985,45.540,0,2.590,1.337,2.337,4.651,10.300,0.164
1321,290,350,51.451,45.606,0,2.018,1.364,2.383,4.675,10.063,0.143
1322,291,350,16.006,38.553,0,2.497,1.483,2.752,5.689,12.782,0.408
1323,291,351,15.842,39.483,0,2.871,1.365,2.355,4.528,9.519,0.228
1324,291,352,15.500,39.804,0,3.165,1.466,2.745,5.789,13.379,0.143
1325,292,350,63.181,52.132,0,2.534,1.508,2.828,5.878,13.216,0.432
1326,292,351,61.678,51.819,0,3.275,1.463,2.684,5.475,12.134,0.206
1327,292,352,61.304,52.068,0,3.112,1.584,3.105,6.726,15.689,0.143
1328,292,353,62.007,52.261,0,2.888,1.487,2.772,5.739,12.875,0.253
1329,293,352,62.779,40.310,0,2.382,1.382,2.394,4.585,9.495,0.327
1330,293,353,62.930,39.841,0,2.654,1.354,2.319,4.401,9.056,0.250
1331,294,353,60.427,33.026,0,3.014,1.412,2.507,4.936,10.544,0.253
1332,294,354,60.629,33.234,0,2.859,1.413,2.484,4.819,10.091,0.264
1333,294,355,61.473,33.208,0,3.889,1.538,2.907,6.050,13.545,0.333
1334,294,356,61.446,33.305,0,3.587,1.451,2.599,5.123,10.883,0.250
1335,294,357,61.335,33.492,0,4.080,1.542,2.928,6.139,13.887,0.250
1336,294,358,61.535,33.719,0,3.953,1.520,2.879,6.070,13.897,0.333
1337,294,359,61.665,34.548,0,3.179,1.690,3.460,7.775,18.684,0.143
1338,295,354,69.164,57.744,0,2.817,1.445,2.629,5.323,11.714,0.269
1339,295,355,68.713,57.833,0,3.267,1.427,2.559,5.106,11.086,0.333
1340,295,356,68.519,57.630,0,3.027,1.389,2.425,4.704,9.941,0.337
1341,296,356,76.581,42.246,0,2.890,1.373,2.379,4.574,9.563,0.337
1342,296,357,76.642,42.375,0,2.869,1.328,2.226,4.134,8.337,0.250
1343,296,358,76.602,42.677,0,2.799,1.275,2.047,3.603,6.833,0.333
1344,296,359,76.768,43.070,0,2.486,1.430,2.587,5.231,11.564,0.191
1345,297,358,52.776,34.320,0,2.034,1.309,2.144,3.833,7.333,0.333
1346,297,359,52.156,34.225,0,2.216,1.416,2.519,4.954,10.533,0.216
1347,297,360,53.204,34.179,0,2.391,1.410,2.489,4.857,10.246,0.209
1348,297,361,53.577,33.730,0,2.590,1.400,2.427,4.616,9.444,0.175
1349,298,359,81.880,34.572,0,2.327,1.439,2.564,5.030,10.622,0.252
1350,298,360,82.321,34.207,0,2.807,1.516,2.835,5.844,12.974,0.256
1351,298,361,82.623,34.414,0,3.249,1.517,2.827,5.803,12.833,0.143
1352,298,362,82.757,34.445,0,3.508,1.547,2.927,6.086,13.580,0.202
1353,298,363,82.861,34.651,0,2.947,1.540,2.912,6.055,13.516,0.261
1354,298,364,83.276,34.759,0,3.691,1.479,2.707,5.462,11.874,0.167
1355,299,359,34.849,49.438,0,2.601,1.505,2.812,5.819,13.022,0.160
1356,299,360,34.394,49.431,0,3.728,1.433,2.546,4.993,10.582,0.167
1357,299,361,34.055,48.968,0,4.259,1.479,2.721,5.527,12.112,0.143
1358,299,362,33.633,49.205,0,3.740,1.486,2.729,5.523,12.037,0.202
1359,299,363,33.558,48.922,0,3.722,1.411,2.488,4.851,10.246,0.167
1360,299,364,34.406,48.640,0,2.986,1.398,2.434,4.669,9.673,0.307
1361,299,365,34.522,48.214,0,2.918,1.430,2.544,4.993,10.581,0.198
1362,299,366,34.331,47.955,0,2.717,1.533,2.913,6.127,13.902,0.338
1363,299,367,34.868,47.388,0,2.581,1.521,2.868,5.982,13.482,0.213
1364,299,368,34.999,47.346,0,2.352,1.524,2.859,5.912,13.147,0.154
1365,300,359,68.225,59.127,0,2.843,1.515,2.847,5.905,13.192,0.150
1366,300,360,68.529,58.570,0,2.876,1.534,2.924,6.146,13.885,0.256
1367,300,361,68.656,58.492,0,2.835,1.438,2.572,5.071,10.774,0.214
1368,300,362,68.562,58.884,0,2.682,1.425,2.524,4.923,10.346,0.212
1369,300,363,68.433,59.316,0,2.473,1.413,2.506,4.934,10.543,0.167
1370,301,360,62.962,20.074,0,2.455,1.445,2.642,5.384,11.935,0.209
1371,301,361,62.793,19.801,0,2.716,1.433,2.551,4.996,10.524,0.241
1372,301,362,63.110,20.112,0,2.907,1.461,2.662,5.359,11.643,0.240
1373,301,363,63.043,19.587,0,2.813,1.447,2.626,5.291,11.566,0.221
1374,301,364,62.645,19.430,0,3.155,1.514,2.827,5.811,12.829,0.174
1375,301,365,63.201,18.821,0,2.435,1.346,2.318,4.473,9.453,0.383
1376,301,366,63.098,19.440,0,2.645,1.513,2.829,5.845,13.023,0.324
1377,301,367,63.002,19.474,0,2.834,1.569,3.029,6.453,14.782,0.153
1378,301,368,63.052,18.596,0,3.073,1.557,3.015,6.460,14.913,0.143
1379,302,363,76.800,42.763,0,2.881,1.492,2.762,5.657,12.506,0.275
1380,302,364,76.570,43.102,0,2.939,1.407,2.492,4.895,10.437,0.352
1381,302,365,75.870,43.560,0,3.172,1.547,2.957,6.257,14.300,0.168
1382,302,366,75.202,45.116,0,2.701,1.529,2.907,6.103,13.804,0.351
1383,303,363,66.310,51.352,0,3.090,1.509,2.852,6.011,13.776,0.229
1384,303,364,66.731,50.949,0,2.940,1.456,2.671,5.475,12.236,0.364
1385,304,366,62.514,31.601,0,3.535,1.690,3.466,7.793,18.700,0.125
1386,304,367,61.618,37.164,0,2.670,1.532,2.920,6.190,14.224,0.226
1387,305,366,84.233,34.240,0,3.245,1.532,2.878,5.945,13.204,0.125
1388,305,367,84.178,34.251,0,2.903,1.507,2.809,5.781,12.839,0.143
1389,306,366,42.958,41.206,0,2.772,1.471,2.734,5.690,12.935,0.216
1390,306,367,42.785,41.428,0,2.450,1.377,2.440,4.892,10.844,0.126
1391,307,367,61.697,12.334,0,2.682,1.466,2.667,5.347,11.556,0.145
1392,307,368,61.369,12.942,0,2.510,1.449,2.659,5.445,12.149,0.163
1393,307,369,62.146,12.644,0,2.138,1.309,2.185,4.048,8.158,0.143
1394,307,370,61.971,12.433,0,2.112,1.345,2.315,4.459,9.409,0.254
1395,307,371,62.225,12.029,0,2.244,1.320,2.204,4.055,8.061,0.250
1396,307,372,61.815,12.374,0,1.907,1.258,1.997,3.487,6.588,0.167
1397,307,373,61.946,12.687,0,2.136,1.350,2.340,4.573,9.858,0.148
1398,308,367,69.243,24.344,0,2.085,1.280,2.059,3.621,6.835,0.125
1399,308,368,68.804,23.758,0,2.116,1.316,2.163,3.900,7.580,0.225
1400,309,368,53.490,10.620,0,2.156,1.340,2.260,4.216,8.538,0.225
1401,309,369,53.273,10.904,0,2.634,1.395,2.435,4.687,9.739,0.244
1402,310,368,67.003,50.555,0,2.604,1.519,2.873,6.017,13.601,0.158
1403,310,369,66.387,50.808,0,2.266,1.438,2.607,5.269,11.591,0.143
1404,310,370,66.954,50.545,0,2.260,1.373,2.382,4.572,9.508,0.254
1405,310,371,66.582,50.588,0,2.430,1.429,2.544,4.993,10.569,0.250
1406,311,368,67.722,58.712,0,2.684,1.405,2.469,4.799,10.101,0.148
1407,311,369,67.752,58.544,0,2.621,1.372,2.349,4.429,8.999,0.241
1408,311,370,67.653,58.450,0,2.897,1.368,2.355,4.491,9.298,0.200
1409,312,369,45.589,40.757,0,3.183,1.592,3.119,6.749,15.727,0.194
1410,312,370,45.445,40.474,0,3.066,1.513,2.849,5.939,13.382,0.200
1411,313,370,33.964,48.400,0,3.632,1.517,2.847,5.909,13.242,0.200
1412,313,371,33.915,48.532,0,3.488,1.512,2.825,5.817,12.905,0.250
1413,313,372,33.581,48.909,0,2.881,1.497,2.775,5.679,12.536,0.169
1414,313,373,34.449,49.128,0,3.379,1.571,3.033,6.457,14.775,0.143
1415,313,374,33.763,48.899,0,3.564,1.571,3.028,6.431,14.689,0.267
1416,313,375,34.396,49.296,0,2.969,1.518,2.841,5.875,13.104,0.207
1417,314,371,61.679,35.477,0,3.379,1.608,3.192,7.009,16.574,0.250
1418,314,372,61.399,35.346,0,2.911,1.634,3.296,7.357,17.680,0.172
1419,314,373,61.759,35.510,0,3.066,1.444,2.600,5.196,11.281,0.143
1420,314,374,61.722,34.619,0,3.469,1.497,2.817,5.909,13.480,0.267
1421,314,375,62.741,35.462,0,3.341,1.528,2.910,6.168,14.166,0.204
1422,314,376,62.938,35.748,0,3.659,1.573,3.075,6.664,15.590,0.224
1423,314,377,62.893,35.458,0,2.981,1.641,3.289,7.262,17.211,0.143
1424,314,378,61.401,31.504,0,2.066,1.405,2.481,4.871,10.407,0.213
1425,315,372,43.232,18.486,0,2.411,1.430,2.552,5.032,10.732,0.176
1426,315,373,44.345,18.440,0,2.390,1.372,2.378,4.577,9.588,0.150
1427,315,374,44.569,18.461,0,2.171,1.352,2.289,4.267,8.585,0.250
1428,316,372,15.926,36.362,0,2.806,1.581,3.059,6.511,14.872,0.175
1429,316,373,15.090,36.483,0,2.471,1.477,2.741,5.661,12.677,0.204
1430,316,374,15.531,36.815,0,2.951,1.540,2.933,6.174,14.023,0.250
1431,316,375,15.292,37.323,0,3.581,1.579,3.064,6.560,15.122,0.204
1432,316,376,15.531,36.723,0,3.459,1.597,3.125,6.730,15.554,0.224
1433,317,375,44.628,40.494,0,2.854,1.454,2.608,5.135,10.859,0.207
1434,317,376,44.607,39.772,0,2.604,1.383,2.394,4.590,9.564,0.200
1435,317,377,44.590,39.786,0,2.362,1.303,2.139,3.879,7.627,0.143
1436,318,376,67.615,57.494,0,2.917,1.453,2.612,5.173,11.055,0.200
1437,318,377,67.921,58.046,0,2.281,1.523,2.892,6.074,13.756,0.220
1438,318,378,67.694,58.001,0,2.614,1.604,3.152,6.810,15.777,0.125
1439,319,377,55.873,13.013,0,2.381,1.538,2.957,6.312,14.550,0.213
1440,319,378,59.337,13.554,0,3.303,1.669,3.393,7.585,18.170,0.125
1441,319,379,59.377,13.444,0,3.920,1.581,3.065,6.557,15.106,0.250
1442,320,377,74.648,34.145,0,2.328,1.459,2.637,5.256,11.310,0.178
1443,320,378,74.731,34.293,0,2.028,1.432,2.578,5.155,11.198,0.209
1444,321,379,82.769,35.465,0,2.573,1.503,2.823,5.886,13.282,0.250
1445,321,380,82.924,35.350,0,2.624,1.488,2.766,5.708,12.749,0.186
1446,322,379,30.887,49.297,0,2.666,1.374,2.386,4.632,9.852,0.255
1447,322,380,31.372,49.432,0,2.354,1.384,2.449,4.868,10.634,0.204
1448,323,380,42.427,17.083,0,3.121,1.574,3.053,6.550,15.154,0.167
1449,323,381,42.645,16.504,0,3.022,1.494,2.752,5.587,12.223,0.200
1450,324,381,60.138,14.288,0,2.581,1.495,2.822,5.949,13.645,0.411
1451,324,382,60.170,14.690,0,3.299,1.463,2.712,5.618,12.681,0.167
1452,324,383,60.603,12.944,0,2.829,1.534,2.944,6.288,14.571,0.181
1453,324,384,60.369,12.682,0,2.609,1.513,2.890,6.184,14.426,0.299
1454,325,381,33.510,21.322,0,3.578,1.506,2.811,5.803,12.945,0.200
1455,325,382,34.033,19.893,0,2.602,1.496,2.793,5.783,12.947,0.197
1456,325,383,33.729,19.629,0,2.793,1.474,2.714,5.558,12.356,0.234
1457,325,384,33.721,20.363,0,2.740,1.423,2.543,5.054,10.930,0.168
1458,325,385,33.391,20.561,0,3.116,1.451,2.621,5.245,11.373,0.248
1459,326,381,51.847,35.153,0,2.615,1.443,2.628,5.353,11.912,0.282
1460,326,382,51.783,34.810,0,2.699,1.373,2.365,4.500,9.266,0.167
1461,326,383,50.975,34.411,0,2.166,1.333,2.256,4.253,8.764,0.147
1462,327,382,35.368,49.347,0,2.393,1.451,2.675,5.536,12.541,0.267
1463,327,383,35.503,49.133,0,2.727,1.495,2.796,5.829,13.207,0.253
1464,327,384,31.618,50.543,0,2.617,1.496,2.822,5.930,13.515,0.300
1465,327,385,31.493,50.478,0,2.724,1.523,2.905,6.149,14.047,0.167
1466,328,382,68.508,57.531,0,2.861,1.522,2.836,5.811,12.789,0.172
1467,328,383,68.643,57.491,0,3.283,1.501,2.776,5.654,12.387,0.143
1468,328,384,68.709,57.339,0,3.171,1.519,2.843,5.856,12.972,0.329
1469,328,385,68.283,57.308,0,3.315,1.395,2.423,4.644,9.623,0.170
1470,328,386,68.138,57.314,0,3.576,1.386,2.387,4.505,9.124,0.500
1471,328,387,68.248,57.472,0,3.826,1.362,2.300,4.249,8.409,0.333
1472,328,388,68.208,57.398,0,3.504,1.395,2.397,4.504,9.059,0.250
1473,328,389,68.366,57.377,0,4.431,1.340,2.218,3.996,7.667,0.250
1474,328,390,68.123,57.337,0,3.918,1.364,2.311,4.293,8.577,0.333
1475,328,391,68.349,57.246,0,3.799,1.385,2.382,4.503,9.166,0.250
1476,328,392,68.513,57.152,0,3.220,1.442,2.585,5.122,10.980,0.167
1477,328,393,68.122,56.964,0,3.422,1.459,2.653,5.336,11.593,0.172
1478,328,394,67.568,56.610,0,3.994,1.446,2.572,5.011,10.472,0.250
1479,328,395,66.873,55.947,0,2.762,1.451,2.628,5.276,11.460,0.195
1480,328,396,66.880,55.862,0,2.938,1.450,2.633,5.308,11.609,0.167
1481,329,383,14.708,36.642,0,3.706,1.599,3.135,6.765,15.672,0.143
1482,329,384,14.288,36.628,0,3.689,1.572,3.024,6.391,14.493,0.167
1483,330,385,50.735,44.600,0,3.514,1.576,3.066,6.609,15.381,0.167
1484,330,386,50.724,44.016,0,4.320,1.444,2.617,5.278,11.582,0.500
1485,330,387,51.220,43.670,0,3.926,1.511,2.841,5.921,13.340,0.338
1486,330,388,51.228,43.938,0,3.971,1.519,2.881,6.072,13.866,0.250
1487,330,389,50.447,43.608,0,3.815,1.602,3.177,6.981,16.543,0.250
1488,331,387,60.177,15.799,0,3.868,1.598,3.125,6.725,15.544,0.338
1489,331,388,59.878,15.371,0,4.327,1.611,3.179,6.915,16.147,0.250
1490,332,389,83.873,35.360,0,2.588,1.385,2.415,4.678,9.853,0.362
1491,332,390,83.840,35.110,0,3.049,1.385,2.410,4.651,9.741,0.333
1492,332,391,83.620,35.438,0,2.789,1.313,2.153,3.873,7.500,0.250
1493,332,392,83.777,35.138,0,2.506,1.380,2.403,4.647,9.777,0.175
1494,333,390,59.750,15.267,0,4.895,1.626,3.223,7.035,16.487,0.333
1495,333,391,59.772,14.613,0,4.638,1.693,3.456,7.716,18.387,0.250
1496,333,392,59.882,13.736,0,3.824,1.598,3.138,6.804,15.873,0.167
1497,333,393,59.852,14.376,0,3.339,1.584,3.075,6.579,15.142,0.170
1498,334,391,49.447,41.571,0,3.743,1.632,3.252,7.129,16.763,0.250
1499,334,392,48.623,41.036,0,3.579,1.523,2.868,5.966,13.369,0.333
1500,334,393,49.304,40.673,0,3.551,1.524,2.884,6.050,13.723,0.175
1501,334,394,49.902,40.488,0,3.763,1.543,2.950,6.237,14.217,0.250
1502,334,395,50.345,45.367,0,2.897,1.485,2.759,5.705,12.814,0.198
1503,334,396,50.334,45.515,0,3.833,1.527,2.872,5.969,13.387,0.237
1504,335,392,56.331,34.920,0,3.569,1.520,2.866,5.975,13.434,0.333
1505,335,393,56.013,34.751,0,2.956,1.552,3.006,6.464,15.024,0.167
1506,336,392,29.538,54.205,0,2.743,1.360,2.349,4.528,9.551,0.175
1507,336,393,29.703,54.021,0,2.266,1.297,2.144,3.931,7.853,0.208
1508,337,394,61.389,49.803,0,2.875,1.491,2.783,5.781,13.043,0.288
1509,337,395,61.972,49.883,0,3.342,1.501,2.830,5.937,13.501,0.204
1510,338,395,61.468,15.590,0,3.168,1.505,2.838,5.962,13.607,0.206
1511,338,396,61.459,15.819,0,3.507,1.581,3.092,6.702,15.681,0.167
1512,339,395,32.147,17.524,0,3.667,1.531,2.894,6.046,13.627,0.167
1513,339,396,31.854,17.475,0,3.792,1.492,2.747,5.566,12.128,0.236
1514,339,397,32.321,18.052,0,3.564,1.473,2.712,5.544,12.270,0.333
1515,339,398,32.535,17.868,0,4.277,1.527,2.888,6.042,13.640,0.333
1516,339,399,32.738,17.472,0,4.193,1.411,2.464,4.726,9.748,0.334
1517,340,395,42.967,46.111,0,2.438,1.342,2.281,4.302,8.820,0.167
1518,340,396,43.059,46.121,0,2.685,1.352,2.314,4.402,9.126,0.167
1519,340,397,43.304,46.461,0,2.492,1.210,1.852,3.103,5.604,0.333
1520,341,397,62.377,50.145,0,3.101,1.515,2.839,5.875,13.109,0.333
1521,341,398,62.363,50.438,0,3.844,1.477,2.689,5.389,11.617,0.333
1522,341,399,62.313,50.219,0,4.140,1.517,2.847,5.897,13.174,0.334
1523,342,398,50.001,46.411,0,3.240,1.622,3.230,7.082,16.659,0.333
1524,342,399,50.155,45.990,0,3.576,1.558,3.009,6.448,14.940,0.333
