Trajectory,Frame,x,y,z,m0,m1,m2,m3,m4,NPscore
1,0,100.208,173.696,0,2.791,1.444,2.639,5.376,11.916,0.143
1,1,99.711,172.376,0,4.487,1.418,2.513,4.943,10.567,0.143
1,2,99.805,172.219,0,4.090,1.430,2.631,5.439,12.295,0.240
1,3,99.351,173.454,0,3.679,1.604,3.123,6.669,15.242,0.184
1,4,99.262,175.574,0,3.152,1.497,2.800,5.806,13.041,0.171
1,5,98.807,177.210,0,6.217,1.572,3.024,6.387,14.469,0.200
1,6,98.647,177.172,0,6.940,1.512,2.810,5.765,12.747,0.250
1,7,98.589,177.329,0,6.515,1.402,2.428,4.605,9.371,0.250
1,8,97.764,174.436,0,3.702,1.479,2.728,5.583,12.384,0.200
2,0,100.503,180.365,0,2.593,1.347,2.270,4.208,8.413,0.143
2,1,101.350,180.248,0,3.330,1.361,2.311,4.356,8.943,0.143
2,2,100.552,180.751,0,4.199,1.398,2.482,4.944,10.806,0.236
3,0,88.298,184.250,0,3.209,1.436,2.597,5.272,11.735,0.143
3,1,88.595,184.557,0,3.202,1.505,2.808,5.768,12.727,0.143
4,2,96.758,87.970,0,3.430,1.458,2.685,5.531,12.421,0.200
4,3,98.312,89.360,0,3.531,1.608,3.177,6.934,16.282,0.184
4,4,98.228,88.734,0,3.059,1.369,2.402,4.723,10.182,0.189
5,2,102.896,155.360,0,3.855,1.506,2.782,5.650,12.338,0.204
5,3,103.080,154.654,0,3.784,1.690,3.463,7.760,18.545,0.143
5,4,102.961,153.557,0,4.411,1.471,2.715,5.562,12.340,0.167
5,5,103.219,152.648,0,3.558,1.305,2.152,3.944,7.910,0.200
5,6,103.465,158.368,0,3.330,1.525,2.921,6.243,14.496,0.529
6,3,29.546,46.045,0,2.600,1.316,2.233,4.231,8.776,0.154
6,4,30.432,40.432,0,2.686,1.401,2.476,4.925,10.802,0.172
7,4,103.474,62.285,0,2.981,1.439,2.588,5.158,11.148,0.194
7,5,102.549,63.538,0,3.637,1.422,2.518,4.937,10.492,0.200
8,5,43.506,48.099,0,3.052,1.352,2.331,4.480,9.385,0.200
8,6,49.278,42.727,0,3.273,1.521,2.888,6.080,13.846,0.479
9,5,88.002,184.246,0,4.085,1.519,2.853,5.911,13.179,0.200
9,6,89.366,183.233,0,3.481,1.536,2.902,6.058,13.633,0.356
9,7,89.809,183.438,0,3.714,1.539,2.942,6.254,14.408,0.252
10,7,97.911,88.496,0,3.364,1.374,2.411,4.732,10.157,0.250
10,8,97.351,88.603,0,3.417,1.345,2.281,4.316,8.955,0.200
10,9,97.787,88.893,0,3.559,1.521,2.896,6.087,13.781,0.200
11,8,102.794,154.756,0,4.258,1.387,2.443,4.790,10.213,0.200
11,9,103.205,155.718,0,5.037,1.574,3.035,6.440,14.673,0.200
11,10,102.670,155.544,0,4.801,1.451,2.659,5.432,12.074,0.250
11,11,103.039,155.465,0,4.533,1.619,3.243,7.155,16.922,0.143
11,12,103.151,154.868,0,3.831,1.473,2.754,5.753,13.102,0.168
11,13,102.672,154.604,0,3.073,1.465,2.789,6.021,14.281,0.162
12,9,91.197,184.433,0,2.813,1.370,2.331,4.373,8.863,0.202
12,10,92.512,185.050,0,3.613,1.427,2.549,5.049,10.855,0.250
13,10,99.257,179.150,0,3.173,1.292,2.153,4.035,8.345,0.250
13,11,101.509,178.456,0,2.468,1.195,1.849,3.171,5.956,0.143
13,12,99.947,178.636,0,3.128,1.391,2.451,4.789,10.149,0.169
14,11,96.511,88.650,0,3.779,1.422,2.498,4.827,10.060,0.144
14,12,97.452,88.215,0,2.832,1.335,2.289,4.422,9.435,0.167
14,13,97.261,87.543,0,3.172,1.550,2.967,6.272,14.267,0.161
14,14,96.398,88.063,0,3.836,1.510,2.854,6.018,13.797,0.250
15,12,41.900,49.271,0,4.092,1.426,2.601,5.343,12.040,0.168
15,13,41.952,49.917,0,3.725,1.536,2.937,6.255,14.455,0.143
15,14,43.129,49.478,0,5.078,1.441,2.588,5.151,11.113,0.250
15,15,42.804,49.553,0,4.726,1.502,2.779,5.668,12.442,0.250
15,16,41.805,49.485,0,4.392,1.428,2.526,4.934,10.422,0.200
15,17,40.457,49.708,0,2.965,1.455,2.689,5.563,12.561,0.112
15,18,41.586,50.071,0,3.518,1.451,2.650,5.402,12.000,0.264
16,12,118.964,97.326,0,3.234,1.475,2.736,5.645,12.639,0.168
16,13,117.474,97.543,0,3.562,1.664,3.385,7.567,18.110,0.143
16,14,116.444,97.191,0,3.556,1.365,2.347,4.450,9.107,0.250
16,15,118.075,97.637,0,3.173,1.471,2.729,5.651,12.738,0.295
16,16,117.905,94.881,0,3.703,1.489,2.762,5.652,12.455,0.201
16,17,118.803,94.519,0,2.662,1.372,2.404,4.708,10.090,0.296
16,18,119.405,94.353,0,3.901,1.486,2.692,5.335,11.312,0.260
17,13,32.349,45.772,0,3.168,1.402,2.482,4.902,10.552,0.144
17,14,32.509,45.774,0,4.034,1.406,2.466,4.778,10.014,0.250
18,15,98.360,176.259,0,5.692,1.631,3.242,7.076,16.530,0.250
18,16,97.805,176.666,0,5.153,1.458,2.646,5.318,11.582,0.200
18,17,98.734,176.532,0,4.686,1.606,3.175,6.941,16.347,0.111
18,18,98.909,176.684,0,6.626,1.426,2.528,4.943,10.423,0.250
19,16,102.565,154.715,0,3.353,1.457,2.731,5.775,13.406,0.200
19,17,102.544,154.263,0,3.645,1.409,2.544,5.159,11.477,0.111
19,18,102.794,154.671,0,3.718,1.411,2.518,5.032,11.004,0.274
20,19,28.742,48.576,0,3.653,1.524,2.894,6.104,13.919,0.200
20,20,30.395,47.408,0,4.643,1.710,3.515,7.875,18.758,0.167
20,21,29.747,49.633,0,4.143,1.483,2.764,5.736,12.922,0.283
21,19,99.958,167.309,0,4.322,1.456,2.640,5.276,11.359,0.200
21,20,99.075,167.528,0,2.878,1.366,2.361,4.570,9.717,0.168
22,20,42.369,49.793,0,2.321,1.291,2.174,4.133,8.703,0.167
22,21,43.784,48.274,0,5.126,1.553,3.000,6.419,14.830,0.250
22,22,42.505,49.486,0,2.642,1.349,2.264,4.167,8.251,0.183
22,23,42.067,48.550,0,3.849,1.566,3.041,6.513,15.000,0.202
22,24,42.955,49.350,0,4.587,1.573,3.029,6.402,14.502,0.143
22,25,42.173,48.765,0,3.659,1.477,2.750,5.706,12.856,0.187
22,26,42.029,48.330,0,3.226,1.537,2.968,6.367,14.772,0.167
22,27,43.244,47.454,0,4.039,1.457,2.644,5.325,11.640,0.167
22,28,44.007,49.059,0,5.162,1.522,2.933,6.334,14.889,0.200
23,20,110.254,108.858,0,2.917,1.450,2.672,5.531,12.533,0.168
23,21,110.047,107.388,0,3.333,1.493,2.807,5.871,13.324,0.250
23,22,110.400,105.320,0,2.559,1.310,2.170,4.004,8.102,0.182
24,21,118.218,92.965,0,4.029,1.445,2.598,5.166,11.116,0.283
24,22,118.365,92.041,0,2.690,1.440,2.630,5.361,11.894,0.125
24,23,118.434,92.114,0,3.435,1.590,3.145,6.905,16.352,0.200
25,22,98.669,175.811,0,3.783,1.610,3.252,7.290,17.604,0.191
25,23,99.561,173.922,0,3.933,1.492,2.755,5.583,12.141,0.202
25,24,100.276,175.989,0,4.119,1.363,2.378,4.615,9.750,0.148
25,25,100.589,175.429,0,5.023,1.532,2.904,6.095,13.815,0.167
25,26,101.512,174.784,0,3.441,1.376,2.440,4.880,10.770,0.167
25,27,97.731,180.441,0,3.491,1.302,2.134,3.822,7.334,0.167
25,28,101.317,174.144,0,3.961,1.351,2.278,4.237,8.516,0.263
25,29,100.501,173.943,0,3.769,1.350,2.283,4.260,8.601,0.167
25,30,96.487,178.993,0,2.734,1.495,2.804,5.829,13.102,0.121
25,31,96.368,179.654,0,2.517,1.437,2.635,5.399,12.060,0.117
25,32,98.099,172.361,0,3.514,1.437,2.595,5.232,11.500,0.201
25,33,98.463,173.438,0,3.023,1.475,2.712,5.513,12.104,0.154
25,34,97.407,172.279,0,4.051,1.611,3.207,7.042,16.613,0.250
25,35,98.205,171.603,0,4.307,1.546,2.958,6.275,14.375,0.265
25,36,96.949,171.579,0,4.829,1.499,2.793,5.760,12.831,0.250
25,37,97.578,172.670,0,4.886,1.471,2.711,5.534,12.231,0.200
25,38,96.784,173.094,0,4.818,1.535,2.908,6.101,13.819,0.167
25,39,96.651,173.480,0,5.078,1.542,2.959,6.298,14.510,0.333
25,40,97.089,173.068,0,3.020,1.512,2.892,6.183,14.355,0.302
25,41,97.504,172.494,0,5.460,1.658,3.382,7.609,18.369,0.250
26,23,92.963,190.233,0,3.496,1.479,2.736,5.586,12.274,0.200
26,24,93.920,189.646,0,3.473,1.378,2.394,4.611,9.639,0.143
26,25,93.465,190.660,0,3.222,1.309,2.180,4.000,7.921,0.167
26,26,94.788,190.494,0,4.419,1.403,2.432,4.644,9.577,0.167
26,27,93.174,189.558,0,3.315,1.435,2.584,5.148,11.103,0.238
26,28,91.278,190.203,0,3.917,1.394,2.424,4.652,9.658,0.263
26,29,91.677,190.525,0,3.155,1.470,2.755,5.802,13.368,0.167
27,24,29.806,50.484,0,2.929,1.373,2.383,4.566,9.442,0.143
27,25,30.097,49.632,0,3.834,1.470,2.640,5.211,11.065,0.244
27,26,29.292,51.345,0,4.388,1.506,2.799,5.739,12.684,0.167
27,27,30.036,49.659,0,3.685,1.474,2.675,5.335,11.439,0.168
28,24,110.625,106.225,0,3.938,1.426,2.560,5.102,11.029,0.148
28,25,110.388,105.773,0,3.978,1.447,2.614,5.230,11.321,0.225
28,26,108.633,105.451,0,2.547,1.293,2.132,3.921,7.914,0.167
28,27,109.080,105.741,0,3.380,1.498,2.793,5.739,12.682,0.183
29,28,101.950,58.596,0,3.351,1.405,2.463,4.753,9.873,0.285
29,29,102.146,58.559,0,3.748,1.549,2.986,6.403,14.851,0.175
30,29,31.933,49.865,0,3.510,1.533,2.936,6.233,14.297,0.176
30,30,32.629,50.673,0,3.805,1.483,2.743,5.604,12.353,0.111
30,31,32.435,50.359,0,3.077,1.434,2.530,4.903,10.202,0.113
31,29,96.865,168.104,0,2.571,1.249,2.010,3.634,7.259,0.167
31,30,100.903,173.300,0,2.859,1.404,2.477,4.843,10.262,0.111
32,30,46.552,48.419,0,3.575,1.690,3.481,7.864,18.956,0.111
32,31,47.695,49.054,0,3.322,1.473,2.719,5.571,12.350,0.119
32,32,43.940,47.213,0,3.345,1.513,2.893,6.157,14.215,0.201
32,33,44.501,47.399,0,4.527,1.545,2.967,6.340,14.668,0.143
32,34,43.099,49.208,0,3.845,1.475,2.744,5.703,12.907,0.250
32,35,43.309,48.904,0,5.273,1.476,2.727,5.571,12.292,0.250
33,31,116.324,89.223,0,3.372,1.406,2.491,4.905,10.495,0.120
33,32,117.079,88.380,0,4.175,1.584,3.105,6.736,15.723,0.200
34,32,91.286,191.274,0,3.064,1.413,2.496,4.886,10.376,0.200
34,33,91.031,191.770,0,2.810,1.448,2.626,5.262,11.373,0.236
35,35,95.541,182.526,0,4.494,1.508,2.812,5.788,12.844,0.265
35,36,94.065,183.254,0,2.847,1.461,2.711,5.624,12.713,0.250
35,37,91.416,189.622,0,2.023,1.229,1.948,3.442,6.685,0.206
36,36,113.953,88.424,0,3.632,1.473,2.736,5.667,12.755,0.252
36,37,113.335,89.387,0,3.599,1.343,2.253,4.174,8.383,0.200
37,39,93.267,188.779,0,5.535,1.465,2.664,5.350,11.593,0.333
37,40,93.615,188.462,0,6.210,1.380,2.399,4.638,9.777,0.200
37,41,93.763,187.366,0,4.265,1.575,3.072,6.601,15.224,0.250
37,42,94.403,187.449,0,4.829,1.508,2.834,5.918,13.385,0.200
37,43,94.427,188.023,0,5.008,1.477,2.725,5.562,12.265,0.250
37,44,94.812,188.146,0,4.335,1.455,2.661,5.399,11.865,0.191
37,45,94.322,188.623,0,4.169,1.547,2.980,6.377,14.769,0.200
37,46,94.056,188.716,0,4.090,1.743,3.658,8.353,20.241,0.143
38,40,102.038,59.962,0,3.004,1.544,3.007,6.496,15.133,0.302
38,41,101.834,59.954,0,2.839,1.376,2.412,4.719,10.067,0.250
39,42,118.337,89.302,0,4.212,1.473,2.689,5.408,11.708,0.200
39,43,118.069,88.526,0,3.859,1.571,3.056,6.567,15.196,0.250
40,43,96.629,173.298,0,3.442,1.536,2.944,6.276,14.508,0.250
40,44,96.662,171.971,0,4.499,1.492,2.771,5.717,12.782,0.191
40,45,96.465,172.618,0,4.995,1.503,2.785,5.685,12.512,0.200
41,44,39.689,51.120,0,3.520,1.460,2.666,5.388,11.770,0.209
41,45,40.838,50.603,0,3.402,1.504,2.791,5.689,12.446,0.310
41,46,41.712,49.557,0,2.861,1.546,3.007,6.516,15.298,0.143
41,47,42.464,49.358,0,4.656,1.504,2.820,5.864,13.185,0.250
41,48,43.955,48.841,0,4.196,1.452,2.632,5.264,11.346,0.167
41,49,44.074,47.540,0,4.505,1.525,2.887,6.046,13.656,0.200
41,50,43.982,47.543,0,4.975,1.467,2.659,5.321,11.485,0.167
41,51,44.286,50.062,0,5.118,1.555,2.982,6.298,14.306,0.200
41,52,45.074,49.482,0,4.152,1.401,2.466,4.830,10.298,0.167
41,53,45.897,49.687,0,4.170,1.593,3.160,6.911,16.211,0.143
41,54,45.293,49.378,0,3.718,1.538,2.938,6.212,14.163,0.143
41,55,46.086,50.495,0,4.256,1.510,2.832,5.887,13.237,0.143
41,56,45.225,50.282,0,3.681,1.468,2.692,5.462,11.984,0.197
41,57,44.309,50.439,0,4.502,1.531,2.903,6.099,13.849,0.205
41,58,45.597,45.680,0,2.503,1.418,2.562,5.189,11.497,0.216
41,59,43.785,50.369,0,3.781,1.595,3.143,6.878,16.254,0.143
41,60,44.394,49.491,0,4.778,1.636,3.260,7.164,16.929,0.167
41,61,44.431,49.448,0,3.467,1.584,3.125,6.829,16.085,0.200
41,62,45.061,49.289,0,5.431,1.503,2.847,5.994,13.659,0.250
41,63,44.434,50.368,0,4.462,1.747,3.628,8.198,19.670,0.167
42,44,102.602,106.577,0,3.019,1.358,2.330,4.446,9.260,0.204
42,45,101.657,107.965,0,3.114,1.506,2.824,5.850,13.051,0.203
43,44,47.573,177.600,0,3.425,1.484,2.801,5.937,13.759,0.209
43,45,48.409,177.914,0,3.493,1.506,2.855,6.014,13.704,0.307
44,46,121.593,91.515,0,3.008,1.447,2.617,5.254,11.451,0.254
44,47,114.521,89.034,0,3.565,1.541,2.966,6.349,14.710,0.250
45,48,95.590,186.914,0,4.525,1.530,2.924,6.184,14.096,0.167
45,49,92.948,188.345,0,2.507,1.578,3.098,6.699,15.537,0.202
45,50,92.214,188.422,0,2.945,1.547,2.976,6.326,14.465,0.167
45,51,98.716,186.816,0,3.327,1.345,2.287,4.303,8.775,0.200
45,52,97.245,184.419,0,3.281,1.409,2.506,4.947,10.585,0.167
45,53,94.288,188.069,0,2.908,1.565,3.049,6.570,15.249,0.143
45,54,97.912,188.127,0,3.438,1.368,2.430,4.875,10.773,0.143
45,55,98.391,188.437,0,2.613,1.419,2.595,5.345,12.091,0.143
45,56,99.595,189.760,0,3.440,1.375,2.352,4.432,9.019,0.143
45,57,91.945,188.961,0,3.571,1.457,2.693,5.555,12.447,0.200
45,58,92.056,188.373,0,2.663,1.414,2.491,4.853,10.237,0.243
46,49,100.541,59.442,0,3.615,1.526,2.888,6.060,13.764,0.200
46,50,100.884,58.783,0,3.050,1.402,2.473,4.836,10.267,0.167
46,51,100.733,60.460,0,2.074,1.259,2.108,4.043,8.715,0.200
47,49,112.425,87.435,0,2.614,1.416,2.537,5.064,11.005,0.200
47,50,112.065,87.516,0,2.363,1.473,2.805,6.007,14.034,0.167
48,51,94.983,169.797,0,2.447,1.285,2.106,3.839,7.654,0.200
48,52,98.177,177.080,0,2.401,1.387,2.455,4.847,10.420,0.257
49,53,114.499,86.296,0,2.626,1.363,2.330,4.419,9.138,0.144
49,54,115.219,88.537,0,3.039,1.443,2.554,4.968,10.387,0.143
50,53,48.342,177.095,0,2.312,1.335,2.310,4.517,9.780,0.144
50,54,49.651,178.023,0,3.137,1.553,3.014,6.479,15.032,0.143
50,55,49.410,178.684,0,3.573,1.370,2.351,4.458,9.166,0.143
50,56,49.558,178.384,0,3.143,1.466,2.629,5.183,11.006,0.150
51,54,81.563,47.548,0,2.360,1.457,2.717,5.685,13.004,0.143
51,55,82.353,47.098,0,2.256,1.298,2.210,4.264,9.119,0.143
51,56,81.758,49.256,0,3.256,1.514,2.846,5.891,13.113,0.151
51,57,82.608,48.826,0,4.289,1.583,3.068,6.535,14.924,0.205
51,58,82.086,46.913,0,3.244,1.470,2.714,5.547,12.259,0.129
51,59,83.435,45.786,0,3.915,1.419,2.475,4.745,9.794,0.143
51,60,82.425,46.844,0,2.969,1.489,2.789,5.800,13.046,0.316
52,57,91.930,37.284,0,2.787,1.510,2.867,6.043,13.782,0.200
52,58,93.595,38.432,0,2.070,1.264,2.077,3.827,7.778,0.125
52,59,93.244,38.501,0,3.367,1.506,2.839,5.966,13.613,0.273
52,60,94.195,38.591,0,3.528,1.574,3.052,6.509,14.893,0.167
52,61,94.466,37.718,0,3.649,1.458,2.672,5.457,12.127,0.406
53,58,59.191,31.509,0,2.773,1.383,2.434,4.765,10.136,0.191
53,59,59.071,32.013,0,3.404,1.633,3.297,7.312,17.345,0.152
54,58,113.893,90.373,0,2.534,1.364,2.363,4.564,9.625,0.234
54,59,112.954,90.738,0,3.450,1.576,3.065,6.589,15.256,0.173
54,60,112.818,88.829,0,2.974,1.471,2.743,5.703,12.884,0.316
54,61,110.930,87.465,0,3.618,1.448,2.584,5.077,10.754,0.383
55,58,52.754,181.700,0,3.427,1.530,2.904,6.099,13.836,0.129
55,59,53.517,182.422,0,3.332,1.531,2.882,5.996,13.459,0.279
55,60,53.783,182.077,0,4.017,1.568,3.045,6.526,15.057,0.167
55,61,54.279,182.355,0,3.699,1.396,2.414,4.590,9.391,0.241
55,62,52.466,181.717,0,4.207,1.447,2.587,5.072,10.669,0.250
56,61,93.179,190.228,0,3.572,1.503,2.793,5.728,12.666,0.292
56,62,94.889,189.060,0,3.358,1.456,2.683,5.488,12.157,0.250
56,63,96.459,187.704,0,2.853,1.286,2.151,4.092,8.704,0.326
56,64,95.498,187.594,0,1.782,1.252,2.067,3.842,7.898,0.178
56,65,94.536,188.039,0,3.381,1.462,2.701,5.541,12.325,0.168
57,62,84.145,46.016,0,3.639,1.589,3.115,6.719,15.531,0.250
57,63,84.093,46.825,0,3.624,1.349,2.335,4.533,9.668,0.167
58,64,51.514,182.149,0,4.502,1.485,2.750,5.640,12.502,0.143
58,65,47.934,181.089,0,4.066,1.466,2.718,5.612,12.582,0.167
58,66,46.800,180.427,0,4.873,1.443,2.619,5.290,11.618,0.250
58,67,46.234,182.323,0,4.728,1.528,2.896,6.070,13.734,0.250
58,68,46.614,182.663,0,3.690,1.305,2.148,3.923,7.816,0.200
58,69,47.590,183.727,0,3.607,1.465,2.681,5.440,11.969,0.250
58,70,48.357,183.702,0,4.766,1.372,2.336,4.366,8.776,0.250
58,71,50.307,183.213,0,3.335,1.497,2.785,5.767,12.973,0.268
59,65,84.792,48.715,0,3.712,1.394,2.426,4.662,9.690,0.167
59,66,84.849,48.788,0,4.227,1.470,2.710,5.575,12.494,0.250
59,67,85.174,47.645,0,3.794,1.410,2.490,4.876,10.362,0.250
59,68,86.528,47.612,0,4.081,1.423,2.493,4.818,10.070,0.200
59,69,86.724,47.311,0,4.333,1.455,2.662,5.438,12.121,0.250
59,70,85.483,45.410,0,3.375,1.282,2.089,3.788,7.527,0.255
60,65,44.785,50.067,0,2.805,1.386,2.460,4.912,10.789,0.167
60,66,46.022,51.181,0,4.158,1.683,3.455,7.784,18.738,0.250
60,67,45.598,50.705,0,2.599,1.405,2.508,4.998,10.869,0.250
61,67,95.208,34.701,0,3.093,1.366,2.321,4.342,8.764,0.250
61,68,95.160,34.554,0,3.373,1.519,2.888,6.087,13.882,0.200
61,69,95.718,35.997,0,3.144,1.558,3.021,6.480,14.978,0.250
62,69,95.864,184.972,0,2.802,1.316,2.228,4.203,8.657,0.250
62,70,96.130,183.940,0,3.775,1.647,3.344,7.466,17.841,0.250
62,71,95.432,185.076,0,4.275,1.445,2.613,5.253,11.488,0.182
62,72,96.343,186.130,0,3.257,1.371,2.304,4.233,8.338,0.167
62,73,97.162,186.563,0,3.523,1.392,2.427,4.696,9.887,0.168
62,74,97.426,185.807,0,2.619,1.353,2.349,4.576,9.775,0.167
63,70,97.147,123.562,0,3.483,1.365,2.346,4.460,9.195,0.255
63,71,97.690,124.860,0,3.165,1.463,2.705,5.564,12.423,0.265
63,72,96.798,123.689,0,2.625,1.312,2.211,4.172,8.633,0.167
64,71,94.522,37.376,0,3.022,1.411,2.511,4.985,10.800,0.176
64,72,93.707,36.977,0,3.452,1.468,2.720,5.631,12.698,0.167
64,73,92.591,36.258,0,3.689,1.576,3.053,6.529,15.026,0.169
64,74,91.025,35.583,0,3.400,1.387,2.402,4.605,9.570,0.167
64,75,90.624,36.429,0,3.381,1.339,2.319,4.536,9.813,0.143
65,71,43.734,44.207,0,4.350,1.508,2.818,5.803,12.862,0.182
65,72,43.437,43.680,0,3.933,1.273,2.089,3.844,7.809,0.167
65,73,42.391,41.658,0,2.823,1.473,2.774,5.878,13.638,0.167
65,74,42.266,42.270,0,3.002,1.336,2.285,4.387,9.263,0.167
65,75,45.621,44.436,0,4.004,1.591,3.089,6.580,15.015,0.220
65,76,46.408,44.786,0,4.041,1.471,2.654,5.257,11.193,0.203
65,77,47.666,44.151,0,4.900,1.506,2.802,5.740,12.636,0.250
66,72,82.381,43.690,0,4.295,1.572,3.089,6.749,15.938,0.167
66,73,82.997,42.638,0,4.768,1.589,3.122,6.764,15.741,0.167
66,74,82.835,42.713,0,4.195,1.354,2.317,4.385,8.988,0.168
66,75,83.585,43.207,0,3.540,1.549,2.960,6.229,14.097,0.155
66,76,85.338,41.053,0,4.353,1.472,2.704,5.498,12.092,0.201
66,77,85.442,40.372,0,4.467,1.470,2.653,5.246,11.121,0.250
66,78,88.361,39.399,0,4.424,1.688,3.423,7.591,17.965,0.200
67,73,50.110,185.286,0,3.813,1.421,2.550,5.090,11.054,0.168
67,74,49.565,183.990,0,3.488,1.556,3.003,6.398,14.652,0.167
67,75,50.448,184.700,0,3.992,1.622,3.199,6.933,16.118,0.220
67,76,50.374,184.668,0,3.816,1.398,2.437,4.670,9.630,0.202
68,77,116.482,84.452,0,3.372,1.616,3.225,7.111,16.858,0.250
68,78,116.512,84.347,0,3.447,1.566,3.034,6.498,15.000,0.201
69,78,41.769,56.428,0,3.634,1.494,2.748,5.560,12.103,0.201
69,79,41.038,56.414,0,2.378,1.404,2.487,4.895,10.472,0.192
69,80,41.487,57.262,0,2.911,1.439,2.606,5.268,11.613,0.216
69,81,40.668,59.202,0,3.532,1.502,2.837,5.960,13.575,0.147
70,78,92.538,186.482,0,3.224,1.428,2.591,5.250,11.588,0.200
70,79,92.419,187.058,0,2.270,1.406,2.546,5.144,11.307,0.185
71,79,109.586,103.730,0,2.610,1.417,2.609,5.443,12.501,0.317
71,80,108.753,105.064,0,2.782,1.488,2.792,5.825,13.178,0.216
71,81,108.308,104.316,0,3.376,1.449,2.627,5.297,11.604,0.116
71,82,107.717,104.566,0,3.752,1.545,2.954,6.240,14.190,0.125
71,83,106.916,105.606,0,3.410,1.373,2.430,4.846,10.646,0.143
71,84,105.624,106.302,0,4.495,1.358,2.301,4.304,8.723,0.200
71,85,106.933,105.655,0,3.171,1.498,2.834,5.990,13.777,0.244
71,86,106.825,104.227,0,4.136,1.386,2.382,4.508,9.221,0.204
71,87,106.350,103.456,0,2.205,1.258,2.022,3.589,6.908,0.128
71,88,106.950,103.430,0,4.090,1.393,2.440,4.757,10.106,0.177
71,89,106.085,104.319,0,2.883,1.397,2.475,4.879,10.467,0.162
71,90,104.823,104.238,0,3.661,1.524,2.910,6.180,14.237,0.148
71,91,106.137,103.781,0,3.262,1.390,2.439,4.756,10.090,0.174
71,92,105.992,104.225,0,4.324,1.427,2.564,5.119,11.089,0.167
71,93,106.272,105.469,0,3.976,1.403,2.433,4.653,9.632,0.200
71,94,106.400,106.252,0,2.993,1.432,2.561,5.082,10.939,0.211
71,95,105.414,106.492,0,3.632,1.381,2.402,4.669,9.938,0.210
71,96,105.219,106.454,0,4.247,1.557,2.981,6.280,14.195,0.167
71,97,105.306,106.298,0,4.112,1.411,2.481,4.820,10.144,0.168
71,98,105.307,106.473,0,3.782,1.345,2.305,4.416,9.280,0.200
71,99,105.906,106.704,0,2.837,1.608,3.201,7.032,16.603,0.147
71,100,105.486,107.606,0,3.039,1.399,2.491,4.975,10.884,0.297
71,101,105.014,107.343,0,3.294,1.510,2.822,5.806,12.845,0.168
71,102,105.407,107.412,0,3.447,1.391,2.443,4.767,10.117,0.321
71,103,105.213,107.142,0,3.059,1.494,2.798,5.827,13.160,0.112
71,104,105.444,107.631,0,3.500,1.423,2.509,4.881,10.264,0.167
71,105,106.168,107.438,0,4.013,1.359,2.331,4.459,9.330,0.268
71,106,105.221,110.184,0,2.972,1.514,2.847,5.909,13.206,0.168
71,107,105.632,110.418,0,3.014,1.321,2.227,4.181,8.582,0.167
71,108,105.850,110.298,0,3.231,1.530,2.947,6.322,14.703,0.200
72,79,49.650,184.500,0,2.793,1.396,2.468,4.893,10.647,0.142
72,80,46.683,183.218,0,3.300,1.492,2.802,5.856,13.256,0.233
72,81,46.318,182.397,0,3.046,1.514,2.830,5.831,12.934,0.153
72,82,45.603,181.686,0,4.436,1.457,2.611,5.138,10.871,0.128
73,80,89.525,39.435,0,5.122,1.537,2.901,6.043,13.569,0.200
73,81,87.906,40.224,0,3.054,1.447,2.691,5.623,12.864,0.154
73,82,87.356,37.228,0,2.796,1.385,2.444,4.838,10.501,0.280
74,81,48.851,45.136,0,3.436,1.546,2.962,6.253,14.167,0.143
74,82,49.552,46.264,0,4.171,1.462,2.678,5.443,11.975,0.128
74,83,51.061,46.979,0,4.042,1.572,3.088,6.724,15.785,0.143
74,84,50.686,49.278,0,2.702,1.376,2.398,4.631,9.703,0.210
75,81,93.322,186.697,0,2.724,1.374,2.416,4.778,10.405,0.130
75,82,93.363,185.246,0,3.245,1.532,2.931,6.233,14.356,0.125
75,83,93.591,185.557,0,2.510,1.450,2.711,5.711,13.182,0.143
75,84,94.268,182.966,0,2.683,1.285,2.154,4.074,8.536,0.210
75,85,94.814,182.653,0,3.595,1.483,2.788,5.878,13.526,0.152
76,82,92.585,40.344,0,2.744,1.356,2.331,4.438,9.169,0.283
76,83,93.660,39.422,0,2.886,1.207,1.857,3.145,5.787,0.143
76,84,94.372,39.446,0,3.181,1.382,2.448,4.865,10.621,0.200
76,85,94.382,40.373,0,3.308,1.583,3.088,6.644,15.347,0.145
77,85,118.130,87.190,0,3.813,1.513,2.874,6.078,13.951,0.152
77,86,117.654,86.645,0,4.535,1.600,3.157,6.892,16.199,0.200
78,86,48.312,181.470,0,4.070,1.300,2.106,3.735,7.117,0.204
78,87,49.064,182.795,0,2.967,1.320,2.270,4.387,9.322,0.112
79,87,50.890,49.410,0,2.906,1.438,2.598,5.222,11.390,0.112
79,88,52.182,50.584,0,3.965,1.581,3.066,6.553,15.059,0.161
79,89,51.597,50.651,0,4.328,1.542,2.938,6.185,14.042,0.143
79,90,51.938,50.563,0,3.263,1.341,2.248,4.149,8.278,0.144
79,91,51.226,49.439,0,3.867,1.545,2.984,6.398,14.834,0.143
80,88,85.541,38.763,0,4.253,1.393,2.393,4.495,9.032,0.177
80,89,86.151,38.194,0,3.302,1.457,2.666,5.422,11.962,0.145
81,88,41.026,60.507,0,3.959,1.524,2.864,5.928,13.203,0.161
81,89,40.115,58.537,0,3.064,1.524,2.932,6.290,14.645,0.145
81,90,40.363,59.099,0,2.691,1.396,2.460,4.816,10.254,0.270
81,91,38.638,59.537,0,2.697,1.377,2.353,4.420,8.945,0.144
81,92,38.125,59.019,0,3.288,1.437,2.610,5.286,11.661,0.183
81,93,38.106,59.541,0,2.892,1.320,2.188,3.959,7.660,0.200
81,94,30.730,56.804,0,1.994,1.298,2.268,4.570,10.347,0.143
82,88,81.511,183.192,0,2.540,1.223,1.960,3.548,7.172,0.143
82,89,79.007,182.541,0,2.841,1.449,2.686,5.581,12.667,0.158
83,89,94.249,181.712,0,3.134,1.382,2.414,4.712,10.058,0.149
83,90,92.592,181.601,0,3.062,1.416,2.503,4.906,10.421,0.144
83,91,92.582,182.783,0,3.072,1.317,2.175,3.972,7.869,0.144
83,92,92.646,182.843,0,3.100,1.422,2.503,4.867,10.242,0.249
84,90,112.584,85.311,0,3.440,1.496,2.772,5.675,12.536,0.148
84,91,111.082,83.884,0,2.258,1.451,2.731,5.783,13.400,0.143
85,91,87.535,37.156,0,3.247,1.447,2.614,5.224,11.293,0.174
85,92,88.223,36.954,0,4.219,1.573,3.068,6.630,15.468,0.167
86,92,81.479,180.395,0,3.067,1.334,2.245,4.185,8.484,0.179
86,93,82.310,180.939,0,4.465,1.464,2.705,5.557,12.372,0.255
86,94,82.491,180.267,0,3.681,1.392,2.395,4.529,9.227,0.143
86,95,82.652,180.730,0,3.558,1.241,1.983,3.539,6.964,0.200
87,93,52.841,181.955,0,2.985,1.419,2.579,5.241,11.619,0.200
87,94,52.516,182.823,0,2.925,1.444,2.663,5.482,12.285,0.211
87,95,52.332,183.331,0,3.839,1.332,2.251,4.240,8.739,0.208
87,96,52.593,184.069,0,4.103,1.395,2.462,4.846,10.415,0.167
87,97,52.642,185.428,0,3.841,1.454,2.660,5.431,12.084,0.169
87,98,52.476,185.480,0,3.408,1.461,2.648,5.313,11.542,0.201
87,99,54.310,185.096,0,2.290,1.396,2.467,4.845,10.344,0.143
88,95,51.006,47.812,0,3.311,1.511,2.848,5.959,13.481,0.203
88,96,51.645,47.315,0,3.584,1.335,2.260,4.234,8.603,0.216
88,97,51.965,45.855,0,4.312,1.573,3.068,6.621,15.401,0.167
89,95,38.312,60.200,0,3.555,1.466,2.686,5.453,11.981,0.205
89,96,36.755,61.211,0,3.589,1.381,2.416,4.698,9.944,0.216
89,97,37.444,60.818,0,3.854,1.556,2.968,6.260,14.247,0.168
89,98,36.531,60.451,0,3.093,1.370,2.373,4.600,9.793,0.200
90,98,90.451,39.247,0,3.748,1.483,2.711,5.461,11.852,0.201
90,99,90.220,39.045,0,3.471,1.369,2.399,4.690,10.001,0.143
90,100,90.791,39.325,0,3.344,1.398,2.452,4.752,9.962,0.202
90,101,87.447,39.553,0,3.345,1.423,2.511,4.882,10.250,0.168
90,102,87.435,40.520,0,3.171,1.548,3.002,6.464,15.034,0.167
90,103,87.744,39.339,0,2.745,1.499,2.746,5.527,11.943,0.117
91,99,80.630,180.269,0,2.709,1.414,2.524,5.004,10.763,0.143
91,100,81.703,180.312,0,4.292,1.437,2.602,5.239,11.471,0.200
92,101,36.984,57.960,0,3.671,1.565,3.025,6.426,14.638,0.299
92,102,36.969,57.170,0,3.671,1.463,2.679,5.434,11.924,0.235
92,103,35.799,58.081,0,2.788,1.389,2.497,5.047,11.179,0.116
93,101,52.609,185.627,0,4.275,1.444,2.573,5.056,10.736,0.167
93,102,51.552,185.103,0,3.630,1.433,2.550,5.002,10.584,0.260
94,102,79.499,180.632,0,3.395,1.394,2.480,4.931,10.722,0.312
94,103,80.311,180.735,0,2.429,1.296,2.098,3.713,7.053,0.111
94,104,79.707,180.067,0,3.046,1.325,2.247,4.261,8.858,0.167
94,105,80.700,180.253,0,3.875,1.308,2.146,3.849,7.398,0.267
94,106,81.017,180.782,0,3.623,1.354,2.289,4.238,8.425,0.167
94,107,80.674,180.581,0,4.946,1.348,2.271,4.216,8.463,0.167
94,108,81.512,182.556,0,4.482,1.451,2.555,4.904,10.036,0.200
94,109,80.865,183.595,0,4.506,1.426,2.557,5.096,11.047,0.167
94,110,80.924,183.983,0,3.696,1.569,3.097,6.829,16.317,0.167
94,111,81.336,184.576,0,5.170,1.386,2.404,4.596,9.481,0.200
94,112,81.682,184.174,0,4.065,1.390,2.413,4.639,9.688,0.250
94,113,79.646,184.339,0,4.313,1.563,2.995,6.335,14.436,0.200
94,114,80.469,184.650,0,4.061,1.451,2.617,5.207,11.177,0.167
94,115,80.686,184.176,0,5.316,1.403,2.479,4.843,10.245,0.167
94,116,80.385,183.369,0,5.046,1.435,2.603,5.248,11.489,0.167
94,117,80.491,181.927,0,3.288,1.440,2.626,5.347,11.866,0.200
94,118,79.461,182.134,0,3.788,1.271,2.047,3.639,7.030,0.167
94,119,79.645,182.475,0,4.116,1.262,2.010,3.496,6.515,0.167
94,120,80.018,182.565,0,5.033,1.361,2.333,4.418,9.056,0.333
94,121,80.912,182.254,0,4.704,1.422,2.533,4.998,10.681,0.200
94,122,80.967,182.719,0,3.383,1.470,2.705,5.502,12.083,0.200
94,123,81.459,183.362,0,3.718,1.396,2.428,4.639,9.547,0.167
94,124,80.056,183.410,0,4.819,1.454,2.656,5.403,11.940,0.250
94,125,78.682,184.461,0,4.594,1.466,2.639,5.218,11.104,0.333
94,126,79.056,184.572,0,3.764,1.463,2.678,5.454,12.071,0.250
94,127,78.409,184.562,0,4.164,1.392,2.405,4.579,9.398,0.267
94,128,78.058,184.607,0,4.629,1.388,2.437,4.780,10.262,0.250
94,129,77.044,184.781,0,4.044,1.525,2.903,6.103,13.804,0.143
94,130,76.658,185.318,0,4.734,1.376,2.392,4.626,9.764,0.250
94,131,76.431,185.220,0,5.957,1.502,2.783,5.683,12.499,0.500
94,132,74.716,185.592,0,4.716,1.412,2.458,4.688,9.599,0.167
94,133,76.038,184.624,0,4.215,1.500,2.840,5.993,13.733,0.200
94,134,76.152,184.304,0,4.064,1.380,2.403,4.643,9.765,0.200
94,135,76.408,184.268,0,4.230,1.449,2.580,5.049,10.629,0.143
94,136,75.165,183.980,0,6.338,1.440,2.615,5.281,11.590,0.250
94,137,74.793,183.561,0,4.932,1.468,2.688,5.458,12.013,0.167
94,138,74.589,183.572,0,3.350,1.390,2.429,4.696,9.829,0.167
94,139,75.360,183.590,0,3.784,1.485,2.731,5.563,12.275,0.250
94,140,75.809,184.529,0,4.308,1.459,2.673,5.432,11.948,0.250
94,141,76.427,183.771,0,2.907,1.569,3.078,6.717,15.848,0.111
94,142,77.357,183.318,0,3.480,1.472,2.721,5.574,12.356,0.167
94,143,75.078,183.352,0,3.370,1.497,2.807,5.843,13.171,0.167
94,144,74.513,183.243,0,4.591,1.452,2.630,5.280,11.489,0.167
94,145,74.273,183.041,0,4.769,1.396,2.441,4.714,9.855,0.250
94,146,75.068,183.743,0,5.151,1.423,2.559,5.149,11.328,0.250
94,147,76.035,183.364,0,4.293,1.514,2.838,5.874,13.096,0.250
94,148,76.140,183.706,0,4.143,1.337,2.247,4.167,8.367,0.202
94,149,75.909,184.306,0,3.582,1.534,2.939,6.210,14.093,0.214
94,150,76.075,185.411,0,3.985,1.618,3.182,6.845,15.725,0.143
94,151,76.378,183.754,0,3.333,1.485,2.771,5.751,12.947,0.146
94,152,76.623,183.600,0,3.516,1.275,2.088,3.808,7.606,0.200
94,153,74.704,184.050,0,3.678,1.429,2.581,5.174,11.257,0.200
95,104,51.252,184.044,0,2.631,1.427,2.587,5.241,11.580,0.167
95,105,52.046,183.774,0,4.213,1.462,2.634,5.183,10.889,0.250
95,106,49.832,185.257,0,4.014,1.363,2.344,4.476,9.304,0.167
95,107,50.618,185.743,0,3.592,1.440,2.618,5.286,11.584,0.167
96,106,100.301,61.669,0,2.566,1.344,2.372,4.741,10.490,0.167
96,107,100.757,62.683,0,2.201,1.368,2.517,5.336,12.611,0.167
97,108,88.576,36.264,0,3.402,1.396,2.436,4.683,9.730,0.200
97,109,90.434,35.540,0,3.749,1.540,2.977,6.411,14.976,0.221
97,110,90.305,37.285,0,2.427,1.369,2.377,4.614,9.805,0.167
97,111,90.989,34.643,0,4.000,1.383,2.405,4.651,9.789,0.200
97,112,90.807,34.945,0,3.457,1.531,2.944,6.307,14.655,0.316
97,113,91.225,35.361,0,3.916,1.422,2.496,4.806,9.935,0.200
98,109,99.291,125.570,0,2.791,1.406,2.445,4.642,9.433,0.167
98,110,98.807,125.731,0,2.227,1.460,2.787,6.015,14.224,0.168
99,109,48.937,184.505,0,3.790,1.507,2.833,5.873,13.082,0.221
99,110,50.180,185.283,0,2.933,1.416,2.552,5.133,11.256,0.167
99,111,50.942,185.280,0,3.144,1.353,2.314,4.389,9.048,0.200
99,112,50.990,185.467,0,3.352,1.505,2.820,5.856,13.142,0.316
99,113,50.528,185.035,0,2.273,1.395,2.478,4.890,10.465,0.429
99,114,51.266,185.186,0,3.622,1.357,2.336,4.473,9.332,0.167
99,115,52.942,184.496,0,3.149,1.535,2.921,6.163,14.060,0.167
99,116,54.201,184.716,0,3.171,1.419,2.546,5.108,11.194,0.167
99,117,54.520,183.594,0,3.957,1.436,2.617,5.336,11.884,0.200
99,118,56.035,183.737,0,2.677,1.531,2.933,6.224,14.261,0.194
100,114,98.777,125.379,0,2.839,1.347,2.253,4.122,8.082,0.167
100,115,98.984,125.538,0,2.242,1.326,2.264,4.338,9.127,0.204
100,116,98.419,124.583,0,2.278,1.247,1.986,3.485,6.622,0.167
100,117,98.987,124.364,0,2.524,1.373,2.412,4.725,10.090,0.200
101,115,91.248,65.531,0,1.920,1.150,1.685,2.711,4.757,0.167
101,116,90.795,67.244,0,2.843,1.358,2.287,4.219,8.349,0.167
101,117,90.624,65.663,0,3.036,1.349,2.274,4.204,8.345,0.200
101,118,90.574,65.523,0,2.666,1.341,2.284,4.358,9.141,0.167
101,119,90.608,64.483,0,2.960,1.333,2.238,4.151,8.351,0.167
101,120,90.257,64.148,0,3.214,1.424,2.524,4.935,10.425,0.333
102,117,91.230,37.325,0,3.857,1.309,2.156,3.910,7.669,0.200
102,118,90.663,38.157,0,3.184,1.274,2.062,3.686,7.152,0.167
102,119,90.118,37.515,0,3.876,1.425,2.552,5.054,10.832,0.217
103,119,33.285,55.770,0,3.725,1.425,2.521,4.928,10.411,0.230
103,120,33.533,56.653,0,3.565,1.510,2.846,5.941,13.390,0.333
103,121,34.314,57.157,0,3.211,1.418,2.557,5.175,11.473,0.202
104,121,52.311,182.520,0,2.905,1.440,2.623,5.321,11.747,0.201
104,122,51.675,181.580,0,3.800,1.389,2.413,4.628,9.607,0.200
104,123,51.667,181.330,0,2.222,1.410,2.579,5.305,11.958,0.167
104,124,52.603,182.087,0,3.387,1.450,2.637,5.356,11.858,0.250
104,125,53.135,181.296,0,3.795,1.516,2.854,5.938,13.327,0.333
104,126,52.863,180.556,0,4.366,1.481,2.748,5.675,12.726,0.250
104,127,54.369,181.931,0,3.826,1.507,2.884,6.182,14.424,0.250
105,122,98.007,60.919,0,2.738,1.587,3.152,6.924,16.377,0.200
105,123,98.572,61.054,0,2.853,1.530,2.950,6.321,14.638,0.167
106,123,110.609,104.167,0,3.032,1.458,2.652,5.350,11.690,0.167
106,124,111.643,104.618,0,2.690,1.408,2.480,4.825,10.155,0.250
106,125,110.762,104.380,0,3.614,1.395,2.431,4.682,9.756,0.333
106,126,111.044,106.917,0,3.153,1.456,2.749,5.891,13.891,0.250
106,127,110.373,106.942,0,3.944,1.359,2.334,4.430,9.087,0.267
106,128,111.367,107.454,0,3.856,1.449,2.594,5.120,10.913,0.250
106,129,111.980,107.519,0,3.225,1.511,2.871,6.042,13.724,0.143
106,130,112.567,107.298,0,3.879,1.428,2.532,4.966,10.547,0.330
107,123,95.389,174.407,0,4.869,1.596,3.110,6.680,15.432,0.167
107,124,95.131,173.484,0,2.809,1.506,2.860,6.058,13.926,0.250
108,127,90.429,36.130,0,2.946,1.500,2.824,5.919,13.471,0.250
108,128,90.628,37.393,0,2.876,1.288,2.089,3.749,7.313,0.256
108,129,91.400,36.793,0,2.789,1.298,2.181,4.096,8.426,0.143
109,129,54.060,184.316,0,2.742,1.472,2.752,5.767,13.175,0.148
109,130,54.778,183.034,0,3.736,1.428,2.583,5.178,11.218,0.330
109,131,56.320,182.914,0,4.102,1.422,2.533,4.982,10.588,0.500
110,132,113.801,106.906,0,3.418,1.568,3.041,6.534,15.157,0.167
110,133,112.884,107.517,0,3.865,1.485,2.750,5.647,12.540,0.201
110,134,113.024,107.232,0,2.920,1.433,2.626,5.373,11.967,0.207
110,135,112.895,106.248,0,3.000,1.521,2.913,6.224,14.428,0.143
110,136,112.671,107.417,0,3.981,1.458,2.644,5.294,11.453,0.250
110,137,109.936,108.164,0,2.881,1.496,2.803,5.823,13.084,0.275
110,138,110.685,106.621,0,2.994,1.398,2.486,4.942,10.743,0.167
111,134,91.302,39.525,0,2.736,1.395,2.447,4.810,10.362,0.207
111,135,91.747,38.260,0,2.678,1.460,2.678,5.465,12.107,0.143
111,136,92.322,36.377,0,2.714,1.446,2.670,5.537,12.560,0.250
111,137,93.612,35.385,0,2.284,1.367,2.366,4.512,9.276,0.167
112,136,97.638,124.545,0,3.207,1.456,2.657,5.387,11.860,0.250
112,137,96.730,124.312,0,2.963,1.481,2.759,5.727,12.931,0.275
113,137,87.787,56.433,0,1.718,1.185,1.827,3.095,5.673,0.167
113,138,94.433,59.083,0,2.464,1.355,2.318,4.415,9.181,0.189
114,140,111.005,104.611,0,3.159,1.580,3.092,6.717,15.781,0.250
114,141,112.777,106.348,0,3.075,1.448,2.659,5.452,12.194,0.116
114,142,113.527,106.553,0,4.931,1.512,2.829,5.827,12.913,0.167
115,141,67.549,58.220,0,2.827,1.458,2.630,5.216,11.122,0.116
115,142,68.855,57.938,0,2.632,1.485,2.817,5.949,13.611,0.167
116,141,61.079,182.661,0,3.190,1.350,2.301,4.351,8.953,0.111
116,142,61.422,182.455,0,3.008,1.358,2.348,4.519,9.484,0.167
116,143,61.313,183.426,0,3.658,1.459,2.602,5.102,10.775,0.167
116,144,59.708,182.451,0,2.691,1.383,2.442,4.803,10.299,0.172
116,145,60.100,181.865,0,1.999,1.255,2.071,3.860,7.999,0.250
117,144,70.741,58.085,0,2.902,1.335,2.283,4.368,9.167,0.172
117,145,71.481,56.889,0,3.727,1.538,2.919,6.129,13.888,0.250
118,147,72.149,55.525,0,3.652,1.362,2.348,4.511,9.479,0.266
118,148,72.737,55.957,0,2.849,1.352,2.354,4.586,9.771,0.203
118,149,70.598,55.721,0,3.838,1.544,2.928,6.121,13.787,0.155
119,147,61.397,182.380,0,3.327,1.411,2.486,4.837,10.168,0.250
119,148,61.257,182.464,0,3.891,1.385,2.421,4.676,9.773,0.202
119,149,61.319,182.814,0,3.616,1.506,2.819,5.843,13.096,0.215
120,149,112.634,106.023,0,2.176,1.347,2.353,4.633,10.029,0.143
120,150,113.083,104.813,0,2.225,1.470,2.799,6.028,14.243,0.145
121,150,91.172,80.031,0,3.053,1.387,2.410,4.624,9.597,0.143
121,151,91.427,80.733,0,2.681,1.498,2.848,6.074,14.101,0.143
121,152,90.669,80.216,0,2.994,1.421,2.552,5.099,11.077,0.236
122,151,46.874,67.402,0,2.033,1.399,2.513,5.068,11.207,0.276
122,152,46.851,66.968,0,2.835,1.440,2.645,5.432,12.158,0.236
123,153,70.794,56.079,0,2.290,1.387,2.492,5.058,11.307,0.200
123,154,71.666,55.739,0,2.542,1.574,3.160,7.070,17.099,0.167
124,153,109.282,104.018,0,3.285,1.496,2.791,5.784,12.979,0.200
124,154,108.874,103.308,0,3.991,1.695,3.514,7.998,19.438,0.167
124,155,108.977,103.703,0,2.873,1.376,2.449,4.902,10.765,0.178
124,156,108.113,103.742,0,3.434,1.554,2.966,6.217,13.967,0.167
124,157,108.120,102.525,0,4.052,1.360,2.343,4.491,9.386,0.200
124,158,108.270,102.694,0,2.956,1.471,2.703,5.516,12.213,0.167
124,159,109.117,100.315,0,2.891,1.343,2.263,4.201,8.421,0.250
124,160,109.506,100.955,0,2.875,1.481,2.764,5.764,13.096,0.250
124,161,107.601,101.163,0,2.075,1.285,2.169,4.126,8.673,0.168
124,162,105.770,101.111,0,3.292,1.493,2.835,5.994,13.723,0.200
124,163,106.192,101.679,0,2.922,1.415,2.560,5.175,11.409,0.170
124,164,106.633,101.056,0,2.680,1.441,2.596,5.203,11.351,0.091
124,165,105.787,101.086,0,2.736,1.449,2.733,5.824,13.600,0.146
124,166,104.849,101.027,0,2.900,1.408,2.517,5.044,11.064,0.134
124,167,103.471,100.425,0,3.079,1.364,2.391,4.737,10.373,0.200
124,168,105.008,100.580,0,3.123,1.616,3.228,7.123,16.917,0.125
124,169,104.941,101.858,0,3.413,1.595,3.183,7.046,16.800,0.203
124,170,105.926,101.743,0,2.547,1.415,2.521,4.954,10.513,0.227
125,153,94.828,171.932,0,2.875,1.520,2.905,6.172,14.209,0.200
125,154,96.403,169.223,0,2.897,1.435,2.582,5.151,11.141,0.167
125,155,96.840,168.906,0,2.651,1.388,2.482,4.988,11.000,0.225
125,156,97.399,169.118,0,2.518,1.377,2.507,5.200,11.948,0.168
125,157,97.593,169.600,0,3.424,1.213,1.865,3.137,5.685,0.204
125,158,98.076,170.122,0,4.004,1.542,2.956,6.274,14.362,0.167
125,159,98.364,171.772,0,3.638,1.458,2.659,5.401,11.939,0.250
125,160,98.231,172.471,0,2.957,1.330,2.255,4.220,8.536,0.251
125,161,97.611,172.154,0,4.229,1.421,2.527,4.983,10.668,0.167
126,154,114.420,64.823,0,2.927,1.543,2.978,6.353,14.592,0.167
126,155,114.356,66.322,0,2.715,1.522,2.901,6.150,14.141,0.144
127,154,92.277,79.341,0,3.535,1.385,2.410,4.644,9.713,0.167
127,155,92.645,79.340,0,3.421,1.493,2.767,5.654,12.445,0.143
128,154,114.060,116.625,0,2.410,1.418,2.557,5.125,11.140,0.167
128,155,118.563,117.715,0,1.903,1.271,2.082,3.822,7.742,0.143
129,156,83.750,58.316,0,3.613,1.458,2.687,5.530,12.385,0.167
129,157,84.039,59.206,0,3.923,1.587,3.134,6.853,16.151,0.200
129,158,84.290,59.139,0,3.617,1.639,3.316,7.393,17.680,0.167
129,159,83.825,58.932,0,4.537,1.494,2.808,5.888,13.420,0.250
129,160,85.413,59.175,0,3.212,1.554,3.034,6.613,15.629,0.250
129,161,85.845,58.381,0,3.460,1.330,2.225,4.122,8.300,0.167
129,162,86.549,58.661,0,3.668,1.452,2.655,5.385,11.848,0.384
129,163,85.184,57.724,0,2.962,1.594,3.195,7.142,17.266,0.100
129,164,83.580,56.023,0,2.135,1.418,2.580,5.209,11.402,0.131
129,165,83.076,55.503,0,2.824,1.529,2.905,6.128,14.002,0.160
130,161,92.465,77.657,0,3.061,1.567,3.048,6.590,15.412,0.167
130,162,91.878,78.823,0,3.672,1.461,2.696,5.535,12.343,0.384
131,162,57.333,185.559,0,2.664,1.288,2.116,3.878,7.810,0.209
131,163,58.809,184.258,0,2.845,1.419,2.525,5.001,10.777,0.170
131,164,58.196,183.941,0,3.007,1.572,3.095,6.739,15.772,0.091
131,165,56.665,183.351,0,2.924,1.585,3.082,6.591,15.124,0.141
131,166,57.580,184.317,0,3.554,1.543,2.946,6.201,14.040,0.125
131,167,59.117,184.087,0,3.898,1.479,2.701,5.433,11.748,0.200
131,168,58.580,184.395,0,3.346,1.498,2.806,5.817,13.022,0.128
131,169,59.513,185.653,0,3.185,1.353,2.339,4.524,9.593,0.167
131,170,60.356,185.892,0,4.075,1.573,3.010,6.315,14.199,0.174
132,163,97.992,173.243,0,2.052,1.350,2.315,4.388,9.010,0.104
132,164,98.214,172.263,0,2.492,1.519,2.859,5.907,13.065,0.127
132,165,92.869,166.532,0,1.783,1.395,2.579,5.364,12.196,0.131
133,163,90.639,204.852,0,1.913,1.271,2.070,3.764,7.520,0.117
133,164,94.780,203.644,0,1.713,1.242,2.001,3.615,7.220,0.092
134,164,52.059,45.561,0,2.506,1.310,2.216,4.207,8.803,0.133
134,165,51.565,45.190,0,3.340,1.530,2.875,5.932,13.129,0.125
134,166,52.288,45.292,0,2.398,1.396,2.468,4.898,10.679,0.141
135,165,93.488,190.139,0,2.081,1.404,2.495,4.930,10.600,0.229
135,166,93.693,189.647,0,2.750,1.475,2.693,5.459,12.024,0.134
136,166,97.972,125.243,0,2.198,1.452,2.691,5.567,12.524,0.226
136,167,98.146,125.118,0,2.307,1.358,2.347,4.522,9.499,0.200
136,168,96.747,123.204,0,2.345,1.393,2.494,5.046,11.260,0.125
136,169,95.959,123.217,0,3.286,1.627,3.303,7.408,17.850,0.203
136,170,97.705,123.781,0,3.670,1.398,2.438,4.688,9.747,0.167
137,168,51.595,46.668,0,3.480,1.565,3.043,6.605,15.578,0.128
137,169,51.970,45.978,0,3.702,1.447,2.642,5.368,11.856,0.202
137,170,52.555,46.695,0,3.956,1.507,2.793,5.729,12.717,0.174
137,171,49.679,45.606,0,2.731,1.593,3.198,7.112,17.004,0.111
137,172,51.634,47.376,0,3.556,1.632,3.255,7.171,16.993,0.167
137,173,50.510,47.787,0,5.498,1.515,2.823,5.786,12.739,0.200
137,174,49.755,48.295,0,3.244,1.564,3.059,6.625,15.450,0.226
137,175,48.809,48.681,0,3.470,1.478,2.777,5.827,13.310,0.143
137,176,50.075,48.083,0,5.974,1.491,2.779,5.767,12.992,0.333
137,177,50.124,48.352,0,4.127,1.612,3.216,7.076,16.719,0.333
137,178,49.692,48.441,0,5.338,1.452,2.650,5.350,11.682,0.250
137,179,48.891,47.279,0,5.361,1.519,2.860,5.955,13.388,0.250
137,180,48.986,47.497,0,5.248,1.418,2.546,5.088,11.064,0.143
137,181,48.594,47.531,0,3.758,1.692,3.505,8.006,19.608,0.167
137,182,52.017,48.575,0,3.630,1.572,3.068,6.574,15.067,0.143
137,183,48.975,46.553,0,3.442,1.612,3.208,7.066,16.768,0.250
137,184,53.499,48.404,0,2.875,1.439,2.614,5.312,11.802,0.200
138,168,91.324,79.467,0,2.187,1.308,2.154,3.918,7.733,0.125
138,169,91.625,78.307,0,3.581,1.502,2.770,5.598,12.119,0.202
138,170,92.013,77.917,0,2.838,1.489,2.832,6.038,14.039,0.167
138,171,91.414,79.411,0,3.296,1.507,2.826,5.865,13.153,0.111
138,172,92.153,79.420,0,2.876,1.500,2.817,5.900,13.423,0.171
139,168,93.612,187.953,0,2.481,1.518,2.941,6.376,15.018,0.125
139,169,93.606,187.279,0,2.826,1.349,2.278,4.267,8.711,0.167
140,171,93.118,185.534,0,2.731,1.409,2.548,5.208,11.739,0.261
140,172,93.941,186.910,0,3.145,1.572,3.084,6.704,15.728,0.169
140,173,93.401,186.711,0,2.974,1.539,2.955,6.300,14.535,0.266
140,174,92.632,185.241,0,2.696,1.445,2.663,5.489,12.348,0.287
140,175,94.455,186.032,0,2.893,1.411,2.526,4.998,10.662,0.147
141,172,85.864,55.900,0,2.396,1.429,2.550,5.032,10.751,0.167
141,173,86.722,55.315,0,2.939,1.345,2.296,4.367,9.077,0.200
142,172,61.190,187.491,0,2.848,1.582,3.099,6.709,15.639,0.172
142,173,59.627,186.780,0,3.120,1.530,2.928,6.223,14.313,0.266
142,174,58.288,186.052,0,3.234,1.593,3.163,6.962,16.519,0.226
143,174,50.013,68.574,0,2.667,1.466,2.703,5.548,12.363,0.287
143,175,48.996,67.957,0,3.052,1.536,2.962,6.325,14.570,0.235
143,176,48.200,67.825,0,3.545,1.470,2.730,5.644,12.663,0.333
144,174,104.428,100.618,0,2.683,1.360,2.366,4.620,9.910,0.145
144,175,104.486,100.653,0,2.809,1.473,2.776,5.841,13.351,0.150
145,177,88.050,58.597,0,3.494,1.505,2.824,5.873,13.221,0.346
145,178,87.999,58.407,0,3.428,1.512,2.819,5.795,12.819,0.250
146,178,61.007,183.612,0,2.902,1.307,2.170,3.964,7.811,0.250
146,179,61.599,183.719,0,3.494,1.568,2.999,6.291,14.137,0.474
147,178,92.675,185.848,0,3.711,1.376,2.378,4.565,9.543,0.250
147,179,92.954,185.846,0,3.475,1.559,3.042,6.582,15.367,0.474
148,180,39.292,38.465,0,2.147,1.284,2.171,4.183,9.009,0.159
148,181,38.561,37.100,0,2.486,1.590,3.194,7.125,17.128,0.167
149,181,61.194,183.182,0,4.270,1.373,2.358,4.484,9.252,0.167
149,182,59.796,183.546,0,3.454,1.491,2.751,5.625,12.456,0.143
149,183,61.710,184.582,0,4.603,1.404,2.450,4.704,9.742,0.250
150,181,93.238,185.441,0,2.626,1.457,2.734,5.787,13.436,0.167
150,182,93.249,185.252,0,4.011,1.503,2.786,5.687,12.493,0.143
150,183,92.998,185.526,0,2.896,1.540,2.962,6.330,14.629,0.250
150,184,95.528,182.475,0,2.405,1.445,2.658,5.483,12.355,0.200
150,185,96.019,181.645,0,2.769,1.424,2.614,5.407,12.268,0.206
150,186,95.507,181.128,0,2.037,1.283,2.145,4.078,8.661,0.158
150,187,94.705,181.737,0,3.047,1.429,2.563,5.141,11.289,0.250
151,183,89.690,58.028,0,3.696,1.420,2.567,5.184,11.421,0.250
151,184,87.934,56.918,0,2.576,1.322,2.250,4.283,8.949,0.200
152,184,76.067,52.128,0,2.276,1.244,1.982,3.510,6.807,0.200
152,185,74.823,52.074,0,3.139,1.562,3.064,6.660,15.612,0.167
153,186,50.711,47.762,0,3.485,1.586,3.099,6.677,15.461,0.111
153,187,51.061,47.352,0,3.854,1.518,2.855,5.960,13.465,0.250
154,187,61.147,182.707,0,4.316,1.511,2.815,5.763,12.669,0.250
154,188,60.020,183.333,0,4.117,1.365,2.326,4.359,8.801,0.200
154,189,59.637,183.429,0,4.438,1.360,2.334,4.452,9.253,0.167
154,190,60.197,183.765,0,3.269,1.494,2.770,5.692,12.669,0.400
154,191,59.763,183.777,0,3.155,1.420,2.552,5.107,11.121,0.167
154,192,59.507,184.762,0,2.689,1.551,3.027,6.592,15.570,0.219
154,193,58.364,183.309,0,3.028,1.347,2.269,4.207,8.420,0.125
155,188,74.610,60.585,0,2.579,1.229,1.901,3.215,5.861,0.200
155,189,74.558,60.438,0,3.694,1.384,2.385,4.519,9.231,0.182
155,190,73.194,61.033,0,4.452,1.470,2.754,5.753,13.052,0.200
155,191,72.016,60.237,0,2.705,1.523,2.901,6.130,14.003,0.238
155,192,72.315,58.170,0,3.010,1.452,2.656,5.386,11.816,0.143
155,193,72.270,56.964,0,3.394,1.404,2.503,4.978,10.780,0.125
155,194,71.765,54.939,0,2.525,1.264,2.062,3.720,7.272,0.167
155,195,72.613,55.416,0,3.963,1.542,2.932,6.175,14.051,0.167
155,196,73.716,54.997,0,4.291,1.711,3.544,8.034,19.424,0.250
155,197,72.670,55.598,0,3.182,1.513,2.847,5.966,13.587,0.245
155,198,71.701,56.042,0,2.616,1.415,2.553,5.192,11.599,0.194
156,188,102.761,160.126,0,2.069,1.419,2.596,5.343,12.062,0.200
156,189,103.428,158.775,0,2.825,1.422,2.607,5.408,12.361,0.181
156,190,103.169,158.755,0,3.604,1.469,2.747,5.733,13.014,0.202
157,192,35.696,39.296,0,2.572,1.535,2.933,6.229,14.301,0.312
157,193,37.485,38.283,0,3.173,1.502,2.788,5.713,12.630,0.138
158,192,77.492,50.493,0,2.603,1.268,2.059,3.716,7.325,0.143
158,193,77.452,50.151,0,2.350,1.360,2.340,4.489,9.412,0.125
159,193,109.464,108.109,0,3.026,1.446,2.634,5.313,11.590,0.138
159,194,110.730,108.078,0,3.728,1.413,2.523,5.030,10.946,0.182
159,195,110.635,107.902,0,3.114,1.364,2.358,4.545,9.569,0.167
159,196,111.352,106.446,0,3.199,1.327,2.204,4.021,7.889,0.250
160,193,103.347,157.166,0,3.633,1.558,2.988,6.314,14.351,0.125
160,194,104.006,157.536,0,2.816,1.492,2.814,5.944,13.681,0.167
161,194,93.554,57.111,0,3.520,1.436,2.594,5.210,11.357,0.182
161,195,94.053,57.277,0,2.386,1.467,2.765,5.875,13.674,0.167
161,196,93.433,58.575,0,3.213,1.488,2.797,5.892,13.548,0.251
161,197,91.102,57.712,0,3.248,1.583,3.100,6.726,15.733,0.173
161,198,91.952,59.300,0,3.345,1.468,2.716,5.603,12.575,0.125
161,199,90.700,60.013,0,2.952,1.622,3.272,7.304,17.509,0.168
162,197,59.593,185.326,0,3.054,1.495,2.833,5.991,13.760,0.240
162,198,59.273,184.426,0,2.669,1.467,2.651,5.305,11.495,0.192
162,199,58.386,183.627,0,4.590,1.552,2.969,6.264,14.233,0.167
162,200,58.527,183.570,0,5.141,1.495,2.761,5.628,12.390,0.200
162,201,58.260,183.721,0,4.216,1.515,2.819,5.754,12.595,0.143
162,202,56.893,184.091,0,4.952,1.490,2.759,5.668,12.626,0.167
162,203,55.045,184.552,0,4.050,1.540,2.909,6.044,13.488,0.200
162,204,55.892,183.503,0,5.667,1.492,2.740,5.527,11.970,0.250
162,205,56.555,184.351,0,4.625,1.540,2.913,6.050,13.476,0.167
162,206,57.070,183.742,0,3.918,1.556,3.010,6.458,14.961,0.250
162,207,55.464,183.486,0,4.051,1.491,2.784,5.802,13.165,0.200
162,208,57.406,183.694,0,3.735,1.681,3.426,7.641,18.188,0.100
162,209,55.644,183.674,0,5.087,1.580,3.069,6.583,15.207,0.167
162,210,54.802,183.025,0,5.337,1.516,2.844,5.882,13.093,0.333
162,211,54.592,182.854,0,5.148,1.567,3.038,6.492,14.921,0.143
162,212,53.343,183.031,0,5.048,1.507,2.823,5.870,13.212,0.200
162,213,53.040,183.163,0,5.495,1.602,3.165,6.881,16.053,0.200
162,214,52.531,183.682,0,4.617,1.411,2.495,4.892,10.406,0.250
162,215,52.664,183.873,0,5.416,1.405,2.471,4.808,10.142,0.250
162,216,52.044,184.201,0,4.702,1.509,2.830,5.889,13.254,0.200
162,217,52.389,184.300,0,5.780,1.484,2.713,5.466,11.869,0.250
162,218,52.882,183.270,0,5.781,1.476,2.688,5.378,11.553,0.333
162,219,52.579,182.250,0,5.078,1.528,2.899,6.089,13.811,0.200
162,220,50.925,181.671,0,4.618,1.616,3.226,7.094,16.737,0.200
162,221,50.003,183.210,0,3.068,1.430,2.560,5.075,10.889,0.167
163,197,85.263,191.536,0,1.986,1.334,2.293,4.416,9.338,0.168
163,198,79.060,188.628,0,2.320,1.420,2.577,5.214,11.482,0.154
164,198,108.526,106.403,0,2.963,1.373,2.364,4.512,9.360,0.125
164,199,108.281,105.418,0,3.143,1.560,3.024,6.503,15.094,0.168
164,200,107.983,103.159,0,2.695,1.465,2.744,5.764,13.199,0.208
164,201,108.180,103.019,0,3.596,1.495,2.805,5.847,13.203,0.196
164,202,108.013,103.285,0,2.566,1.434,2.610,5.285,11.622,0.176
164,203,107.131,103.416,0,3.694,1.317,2.185,3.978,7.787,0.200
164,204,105.507,103.055,0,2.475,1.315,2.225,4.222,8.817,0.250
165,200,89.822,78.181,0,2.575,1.535,2.991,6.491,15.256,0.205
165,201,90.012,78.529,0,3.461,1.495,2.770,5.684,12.617,0.196
166,202,91.259,60.098,0,3.145,1.563,3.027,6.487,15.000,0.167
166,203,91.584,59.537,0,2.545,1.311,2.212,4.192,8.759,0.211
167,204,46.528,45.870,0,3.090,1.405,2.453,4.707,9.723,0.250
167,205,45.451,44.549,0,3.170,1.593,3.075,6.540,14.955,0.267
168,204,73.748,56.329,0,3.696,1.443,2.583,5.135,11.091,0.250
168,205,73.611,55.818,0,3.477,1.507,2.862,6.083,14.076,0.167
168,206,73.399,54.931,0,3.330,1.478,2.818,6.051,14.204,0.250
168,207,74.300,56.543,0,3.815,1.656,3.362,7.501,17.897,0.200
168,208,74.439,57.168,0,2.046,1.421,2.576,5.209,11.454,0.148
168,209,73.074,59.552,0,2.624,1.427,2.598,5.266,11.607,0.167
169,205,91.988,60.570,0,2.869,1.521,2.884,6.053,13.713,0.167
169,206,91.669,59.762,0,3.149,1.397,2.478,4.923,10.710,0.250
169,207,91.374,59.982,0,3.103,1.490,2.779,5.754,12.902,0.200
170,207,44.720,42.343,0,2.635,1.442,2.656,5.499,12.464,0.200
170,208,44.990,41.417,0,2.627,1.392,2.476,4.938,10.784,0.101
170,209,43.320,40.228,0,2.130,1.339,2.289,4.338,8.922,0.203
171,208,35.245,35.873,0,2.462,1.492,2.780,5.714,12.640,0.172
171,209,34.552,35.078,0,1.953,1.320,2.283,4.456,9.619,0.267
172,210,104.599,63.173,0,3.184,1.327,2.211,4.050,7.989,0.333
172,211,100.944,58.453,0,1.588,1.155,1.812,3.245,6.545,0.143
172,212,104.591,62.953,0,2.902,1.426,2.622,5.452,12.476,0.219
172,213,104.979,63.187,0,2.794,1.481,2.733,5.550,12.109,0.201
172,214,104.718,63.338,0,3.877,1.494,2.754,5.606,12.320,0.250
172,215,105.741,65.667,0,3.933,1.462,2.695,5.542,12.406,0.250
172,216,107.384,65.587,0,2.565,1.404,2.453,4.718,9.778,0.200
173,211,40.757,38.744,0,2.841,1.637,3.346,7.561,18.353,0.143
173,212,37.629,33.352,0,2.712,1.514,2.929,6.332,14.853,0.200
174,211,75.287,55.426,0,2.193,1.481,2.836,6.076,14.127,0.143
174,212,72.373,60.301,0,3.498,1.428,2.542,5.010,10.712,0.200
174,213,73.578,56.639,0,2.602,1.384,2.459,4.935,10.914,0.231
175,212,48.271,28.532,0,3.081,1.480,2.746,5.653,12.591,0.219
175,213,47.215,29.118,0,2.390,1.368,2.459,5.026,11.362,0.221
175,214,47.991,29.257,0,3.231,1.490,2.752,5.608,12.322,0.386
176,213,25.195,56.670,0,2.722,1.331,2.239,4.143,8.256,0.209
176,214,25.194,56.749,0,3.121,1.486,2.766,5.723,12.844,0.386
176,215,25.243,57.377,0,3.259,1.409,2.522,5.069,11.186,0.250
176,216,25.224,56.501,0,3.325,1.415,2.444,4.612,9.316,0.200
176,217,24.631,56.509,0,3.739,1.400,2.500,4.966,10.717,0.252
177,216,47.235,29.470,0,3.168,1.573,3.033,6.458,14.801,0.200
177,217,46.939,30.228,0,3.293,1.501,2.869,6.129,14.232,0.253
177,218,47.819,29.680,0,3.701,1.430,2.576,5.162,11.254,0.343
177,219,47.632,29.241,0,3.258,1.497,2.797,5.799,13.019,0.200
178,220,38.932,43.252,0,2.995,1.403,2.501,4.976,10.804,0.206
178,221,39.475,43.322,0,3.419,1.426,2.564,5.143,11.260,0.219
178,222,39.136,43.600,0,3.111,1.450,2.641,5.333,11.661,0.167
179,220,26.161,55.380,0,3.140,1.470,2.722,5.603,12.505,0.206
179,221,25.858,55.401,0,3.384,1.461,2.712,5.643,12.823,0.220
179,222,25.166,55.802,0,4.592,1.598,3.128,6.723,15.477,0.143
179,223,26.116,55.534,0,3.099,1.387,2.458,4.867,10.524,0.146
179,224,26.179,56.031,0,3.748,1.540,2.930,6.168,14.015,0.201
179,225,25.688,56.867,0,4.330,1.346,2.294,4.340,8.940,0.250
180,220,94.543,78.247,0,4.081,1.476,2.736,5.668,12.807,0.200
180,221,94.251,78.145,0,2.270,1.336,2.297,4.422,9.317,0.225
180,222,93.722,77.514,0,3.310,1.471,2.729,5.631,12.587,0.252
180,223,93.939,76.501,0,2.953,1.474,2.711,5.522,12.152,0.285
181,221,99.377,101.213,0,3.325,1.563,3.035,6.514,15.050,0.167
181,222,99.530,100.678,0,2.848,1.376,2.395,4.631,9.738,0.145
182,222,95.496,170.114,0,2.747,1.472,2.674,5.359,11.584,0.169
182,223,94.111,170.618,0,2.326,1.310,2.211,4.194,8.774,0.210
183,222,81.564,188.220,0,3.344,1.457,2.647,5.320,11.567,0.248
183,223,79.981,188.764,0,2.801,1.438,2.602,5.253,11.552,0.182
184,223,47.306,27.373,0,2.572,1.286,2.105,3.842,7.697,0.175
184,224,47.522,27.026,0,2.827,1.502,2.864,6.077,13.974,0.218
185,223,102.864,158.671,0,2.934,1.506,2.773,5.656,12.503,0.273
185,224,104.021,157.573,0,2.980,1.451,2.630,5.284,11.523,0.276
186,224,46.876,183.275,0,3.541,1.460,2.661,5.393,11.868,0.201
186,225,46.947,184.551,0,3.054,1.461,2.646,5.258,11.208,0.250
186,226,47.369,183.637,0,3.241,1.362,2.308,4.290,8.564,0.143
186,227,47.180,181.978,0,2.895,1.515,2.858,5.955,13.350,0.275
186,228,46.507,180.694,0,3.468,1.455,2.684,5.545,12.505,0.125
187,225,102.859,67.393,0,3.849,1.461,2.659,5.351,11.636,0.250
187,226,102.015,67.518,0,2.502,1.386,2.441,4.782,10.189,0.143
187,227,103.116,67.450,0,2.930,1.473,2.722,5.578,12.360,0.275
187,228,104.576,68.760,0,2.405,1.223,1.917,3.301,6.142,0.135
187,229,104.159,67.936,0,2.227,1.421,2.560,5.119,11.106,0.146
188,226,49.262,25.141,0,1.915,1.248,1.996,3.550,6.916,0.143
188,227,49.485,26.143,0,2.727,1.321,2.242,4.282,9.029,0.200
189,226,104.280,157.281,0,3.361,1.537,2.892,6.014,13.501,0.206
189,227,103.010,150.960,0,2.394,1.466,2.777,5.897,13.625,0.200
189,228,103.191,149.585,0,2.560,1.170,1.756,2.893,5.165,0.135
190,229,94.191,50.459,0,3.091,1.465,2.690,5.485,12.117,0.125
190,230,94.504,51.307,0,2.293,1.416,2.517,4.956,10.570,0.150
191,229,24.668,56.516,0,2.290,1.376,2.376,4.534,9.368,0.145
191,230,25.415,57.497,0,2.915,1.602,3.180,7.005,16.643,0.143
192,230,80.292,189.278,0,3.327,1.466,2.659,5.320,11.466,0.143
192,231,79.903,188.226,0,2.217,1.368,2.432,4.890,10.849,0.186
193,231,105.194,70.979,0,3.048,1.414,2.525,5.040,11.000,0.100
193,232,104.175,71.997,0,2.374,1.427,2.594,5.251,11.558,0.246
193,233,105.865,70.926,0,2.290,1.329,2.268,4.338,9.120,0.144
194,232,43.816,40.643,0,2.828,1.417,2.596,5.378,12.267,0.231
194,233,43.663,40.677,0,2.801,1.463,2.652,5.312,11.502,0.190
194,234,42.402,43.070,0,2.692,1.348,2.350,4.607,9.933,0.143
194,235,44.551,43.563,0,3.227,1.566,3.005,6.351,14.424,0.143
195,232,93.714,79.697,0,3.754,1.590,3.106,6.712,15.640,0.125
195,233,94.092,79.290,0,2.948,1.460,2.675,5.435,11.963,0.190
195,234,94.504,78.824,0,2.607,1.508,2.825,5.876,13.234,0.143
196,233,67.751,54.165,0,3.765,1.487,2.788,5.820,13.189,0.143
196,234,67.231,52.812,0,3.069,1.428,2.543,5.007,10.653,0.143
196,235,66.535,52.494,0,3.659,1.290,2.118,3.860,7.680,0.143
196,236,65.755,54.408,0,3.018,1.560,2.993,6.323,14.365,0.142
197,234,35.956,36.826,0,3.031,1.666,3.402,7.625,18.263,0.143
197,235,36.083,37.817,0,2.738,1.572,3.088,6.731,15.848,0.163
197,236,38.057,37.761,0,2.472,1.455,2.678,5.495,12.283,0.213
197,237,37.756,38.570,0,3.356,1.308,2.172,3.999,8.024,0.143
197,238,38.003,38.646,0,2.702,1.379,2.390,4.581,9.495,0.143
197,239,37.479,38.428,0,3.275,1.426,2.496,4.796,9.912,0.223
197,240,35.422,37.788,0,3.202,1.276,2.048,3.589,6.737,0.201
198,236,94.735,79.038,0,2.608,1.519,2.937,6.330,14.781,0.113
198,237,95.250,79.380,0,2.822,1.492,2.740,5.523,11.938,0.143
199,237,103.626,153.841,0,3.164,1.655,3.357,7.541,18.254,0.143
199,238,103.296,153.972,0,2.479,1.606,3.218,7.157,17.174,0.143
199,239,104.816,154.126,0,2.906,1.593,3.102,6.645,15.266,0.200
200,237,91.688,177.738,0,2.452,1.550,3.053,6.717,16.013,0.143
200,238,90.193,178.386,0,1.975,1.355,2.299,4.291,8.632,0.143
201,238,107.425,65.778,0,3.464,1.408,2.493,4.912,10.547,0.143
201,239,108.709,67.326,0,2.184,1.396,2.444,4.742,9.972,0.200
201,240,109.215,68.502,0,2.853,1.552,3.010,6.448,14.849,0.259
202,240,65.646,54.142,0,2.779,1.504,2.872,6.129,14.205,0.259
202,241,66.446,54.364,0,2.637,1.356,2.387,4.748,10.427,0.185
202,242,65.526,54.572,0,3.269,1.553,2.932,6.074,13.494,0.125
202,243,66.674,53.597,0,2.986,1.587,3.089,6.606,15.150,0.255
202,244,69.426,60.457,0,2.064,1.167,1.764,2.953,5.428,0.100
203,240,92.662,58.915,0,2.935,1.324,2.223,4.134,8.341,0.201
203,241,92.218,60.016,0,2.342,1.448,2.674,5.531,12.509,0.295
204,241,25.092,59.734,0,2.773,1.429,2.550,5.028,10.705,0.184
204,242,24.313,59.633,0,2.410,1.365,2.348,4.514,9.511,0.128
205,242,81.271,192.063,0,2.106,1.407,2.645,5.718,13.708,0.151
205,243,79.563,189.788,0,3.517,1.644,3.344,7.505,18.086,0.167
206,243,109.741,70.235,0,3.781,1.414,2.481,4.803,10.041,0.167
206,244,110.495,70.238,0,2.820,1.401,2.537,5.222,11.907,0.100
206,245,109.959,69.324,0,3.081,1.420,2.533,5.016,10.784,0.218
206,246,111.041,70.778,0,4.845,1.573,3.073,6.655,15.548,0.200
206,247,111.114,71.580,0,4.246,1.487,2.769,5.723,12.806,0.167
206,248,111.475,72.716,0,4.127,1.622,3.169,6.760,15.376,0.167
206,249,110.944,72.465,0,4.286,1.502,2.829,5.900,13.276,0.200
206,250,110.754,71.558,0,3.203,1.519,2.821,5.794,12.850,0.201
207,243,99.353,82.580,0,2.790,1.594,3.125,6.747,15.644,0.315
207,244,98.372,81.621,0,2.984,1.586,3.157,6.956,16.513,0.168
207,245,98.580,80.767,0,2.860,1.411,2.574,5.314,12.093,0.279
207,246,97.919,80.969,0,3.828,1.436,2.622,5.364,11.980,0.200
207,247,98.538,81.234,0,3.116,1.407,2.469,4.803,10.147,0.169
207,248,98.174,81.728,0,3.386,1.403,2.529,5.115,11.333,0.168
207,249,98.650,82.079,0,3.278,1.392,2.446,4.766,10.061,0.201
207,250,98.742,82.966,0,2.731,1.450,2.633,5.275,11.393,0.391
207,251,97.539,84.498,0,2.946,1.690,3.501,7.959,19.321,0.100
207,252,98.150,84.624,0,2.770,1.266,2.005,3.477,6.483,0.167
207,253,98.739,84.522,0,3.354,1.552,2.994,6.388,14.701,0.128
208,246,99.175,167.334,0,3.438,1.460,2.673,5.448,12.064,0.200
208,247,99.742,167.626,0,2.888,1.347,2.284,4.275,8.657,0.176
208,248,100.975,168.570,0,3.083,1.452,2.618,5.199,11.120,0.168
208,249,101.370,169.239,0,3.275,1.492,2.792,5.822,13.192,0.205
208,250,100.802,169.494,0,2.728,1.458,2.663,5.406,11.920,0.391
208,251,100.702,168.857,0,2.688,1.496,2.748,5.545,12.023,0.100
208,252,99.160,169.403,0,2.780,1.407,2.498,4.932,10.604,0.182
209,247,56.388,67.146,0,2.695,1.395,2.451,4.789,10.200,0.189
209,248,57.012,67.892,0,2.834,1.518,2.919,6.262,14.569,0.167
209,249,56.479,68.355,0,2.293,1.341,2.367,4.796,10.869,0.200
210,250,45.365,182.539,0,3.194,1.390,2.450,4.820,10.355,0.200
210,251,47.269,181.224,0,3.280,1.435,2.572,5.120,11.066,0.100
210,252,45.405,182.147,0,3.239,1.495,2.846,6.076,14.140,0.170
210,253,45.841,181.290,0,2.730,1.429,2.569,5.136,11.158,0.144
210,254,46.396,181.680,0,4.012,1.399,2.457,4.778,10.069,0.250
210,255,46.878,182.605,0,2.443,1.400,2.511,5.056,11.155,0.143
211,252,65.618,54.332,0,3.507,1.484,2.688,5.347,11.435,0.169
211,253,66.583,56.007,0,3.197,1.378,2.419,4.737,10.119,0.165
211,254,66.555,54.682,0,3.244,1.339,2.253,4.203,8.530,0.250
211,255,66.692,55.600,0,3.035,1.510,2.872,6.080,13.951,0.166
211,256,67.422,55.682,0,3.048,1.401,2.443,4.712,9.837,0.172
212,253,91.685,187.372,0,2.709,1.375,2.374,4.575,9.657,0.147
212,254,92.216,188.440,0,3.458,1.438,2.580,5.118,10.977,0.250
213,255,43.422,42.117,0,2.765,1.376,2.392,4.575,9.407,0.156
213,256,42.690,41.261,0,3.063,1.471,2.719,5.596,12.512,0.294
213,257,44.037,43.264,0,2.806,1.456,2.650,5.308,11.430,0.180
213,258,43.667,44.161,0,3.149,1.394,2.405,4.556,9.293,0.145
214,255,98.778,170.649,0,3.621,1.638,3.272,7.177,16.839,0.143
214,256,99.712,171.999,0,2.627,1.513,2.882,6.086,13.895,0.167
215,257,90.763,187.358,0,3.712,1.422,2.509,4.904,10.395,0.143
215,258,90.011,188.543,0,3.237,1.574,3.094,6.744,15.859,0.143
215,259,89.919,188.456,0,2.772,1.467,2.762,5.840,13.479,0.200
216,258,47.997,180.512,0,3.412,1.432,2.573,5.135,11.122,0.147
216,259,48.362,181.398,0,3.501,1.369,2.388,4.674,10.056,0.200
217,259,112.532,71.230,0,4.777,1.464,2.667,5.387,11.796,0.200
217,260,113.180,73.041,0,3.399,1.524,2.925,6.256,14.534,0.146
218,259,100.440,88.572,0,2.667,1.293,2.142,3.978,8.154,0.324
218,260,101.654,88.236,0,2.519,1.270,2.094,3.933,8.284,0.143
219,260,54.718,63.868,0,2.688,1.461,2.696,5.570,12.570,0.143
219,261,54.440,63.662,0,3.871,1.510,2.769,5.540,11.829,0.200
220,260,96.565,170.948,0,3.155,1.492,2.787,5.732,12.642,0.207
220,261,96.644,171.460,0,3.457,1.377,2.428,4.777,10.257,0.260
221,260,73.945,194.345,0,2.324,1.424,2.586,5.274,11.804,0.143
221,261,75.420,194.783,0,3.047,1.564,3.055,6.634,15.588,0.200
222,261,51.004,183.562,0,3.576,1.361,2.328,4.399,9.004,0.260
222,262,52.174,184.134,0,3.714,1.581,3.061,6.505,14.817,0.200
222,263,50.481,184.766,0,3.870,1.504,2.783,5.625,12.142,0.100
222,264,51.209,184.133,0,3.483,1.411,2.529,5.072,11.127,0.167
223,262,89.546,188.857,0,3.833,1.404,2.460,4.761,9.961,0.371
223,263,89.481,190.229,0,2.009,1.240,1.983,3.518,6.808,0.100
224,263,44.735,44.570,0,2.566,1.379,2.362,4.440,8.962,0.228
224,264,46.068,43.288,0,2.804,1.527,2.961,6.442,15.239,0.167
225,263,67.319,55.610,0,2.931,1.402,2.514,5.055,11.118,0.118
225,264,68.004,56.584,0,4.109,1.529,2.871,5.934,13.182,0.167
225,265,69.215,57.686,0,2.942,1.502,2.813,5.829,13.041,0.173
225,266,66.760,59.494,0,3.875,1.622,3.225,7.034,16.392,0.167
226,263,102.695,92.229,0,2.768,1.394,2.422,4.672,9.812,0.132
226,264,103.502,92.526,0,2.777,1.423,2.580,5.246,11.667,0.325
227,264,48.487,56.927,0,3.687,1.654,3.329,7.304,17.042,0.167
227,265,48.074,57.908,0,3.001,1.566,3.068,6.641,15.444,0.147
228,266,100.424,41.825,0,1.864,1.320,2.290,4.485,9.684,0.169
228,267,102.726,40.506,0,2.483,1.415,2.543,5.139,11.412,0.204
228,268,103.276,41.156,0,3.337,1.437,2.605,5.234,11.393,0.139
229,266,115.676,77.140,0,2.317,1.399,2.481,4.915,10.611,0.186
229,267,116.147,76.496,0,2.742,1.480,2.699,5.426,11.756,0.308
229,268,117.462,76.269,0,2.842,1.490,2.809,5.906,13.488,0.198
230,267,79.986,46.820,0,2.784,1.434,2.595,5.231,11.490,0.308
230,268,80.442,45.996,0,3.209,1.482,2.771,5.790,13.169,0.164
230,269,79.846,46.438,0,2.706,1.511,2.911,6.282,14.766,0.153
231,267,54.970,63.811,0,3.057,1.354,2.346,4.536,9.573,0.200
231,268,55.266,64.412,0,2.990,1.494,2.779,5.738,12.829,0.281
231,269,55.599,63.804,0,3.051,1.547,3.005,6.487,15.131,0.209
231,270,56.371,64.226,0,3.546,1.392,2.434,4.722,9.958,0.143
232,267,83.214,189.555,0,3.699,1.438,2.554,4.993,10.524,0.200
232,268,83.401,189.658,0,4.015,1.491,2.757,5.634,12.448,0.125
232,269,83.372,190.667,0,4.404,1.414,2.528,5.052,11.038,0.143
232,270,83.266,190.126,0,3.305,1.564,3.041,6.543,15.158,0.143
232,271,84.420,190.655,0,4.645,1.392,2.435,4.734,10.017,0.143
232,272,83.516,189.512,0,4.328,1.481,2.679,5.301,11.228,0.200
232,273,83.658,188.663,0,3.895,1.407,2.487,4.889,10.455,0.167
232,274,83.302,188.992,0,3.217,1.492,2.790,5.802,13.078,0.135
232,275,83.909,188.914,0,3.824,1.585,3.137,6.871,16.201,0.249
232,276,83.462,187.721,0,3.160,1.402,2.470,4.830,10.256,0.190
232,277,82.598,188.749,0,3.033,1.283,2.086,3.747,7.307,0.200
232,278,83.387,188.150,0,4.144,1.366,2.367,4.570,9.632,0.167
232,279,82.868,187.656,0,4.300,1.306,2.153,3.917,7.723,0.200
232,280,82.357,188.696,0,4.735,1.454,2.644,5.328,11.645,0.250
232,281,82.189,188.518,0,4.213,1.458,2.658,5.353,11.634,0.200
232,282,81.620,188.671,0,3.157,1.483,2.756,5.696,12.760,0.126
232,283,81.891,189.722,0,3.206,1.345,2.301,4.402,9.233,0.167
232,284,81.549,190.466,0,3.999,1.465,2.688,5.455,11.958,0.143
232,285,81.501,190.245,0,3.132,1.579,3.082,6.643,15.419,0.179
232,286,80.980,190.282,0,3.297,1.517,2.906,6.222,14.496,0.160
232,287,81.655,188.848,0,4.030,1.446,2.622,5.267,11.458,0.200
232,288,80.949,188.281,0,4.688,1.596,3.136,6.780,15.729,0.200
232,289,80.515,188.193,0,4.936,1.531,2.901,6.092,13.834,0.250
232,290,81.141,187.679,0,4.427,1.400,2.427,4.642,9.598,0.210
232,291,81.809,187.272,0,4.579,1.452,2.692,5.598,12.720,0.200
232,292,81.216,186.261,0,3.822,1.470,2.692,5.474,12.078,0.168
232,293,82.078,186.455,0,5.577,1.407,2.463,4.758,9.933,0.250
232,294,81.798,187.054,0,3.349,1.437,2.594,5.183,11.190,0.175
232,295,82.373,186.732,0,4.076,1.483,2.706,5.409,11.590,0.201
232,296,82.406,186.866,0,3.973,1.488,2.748,5.615,12.391,0.200
232,297,82.903,185.894,0,3.795,1.371,2.420,4.796,10.437,0.250
232,298,83.136,186.209,0,4.296,1.512,2.862,6.038,13.825,0.206
233,268,49.534,57.939,0,3.030,1.583,3.124,6.822,16.048,0.129
233,269,48.444,58.626,0,3.295,1.461,2.666,5.370,11.679,0.165
234,268,91.473,187.299,0,2.917,1.429,2.597,5.269,11.647,0.156
234,269,90.990,187.910,0,2.931,1.540,2.973,6.348,14.613,0.218
234,270,91.799,186.906,0,2.897,1.464,2.673,5.405,11.804,0.143
234,271,93.544,186.135,0,2.816,1.448,2.622,5.251,11.343,0.148
234,272,94.393,187.253,0,3.420,1.508,2.825,5.853,13.092,0.333
234,273,94.519,188.396,0,2.588,1.180,1.772,2.911,5.168,0.167
235,271,105.615,92.292,0,2.246,1.420,2.616,5.407,12.207,0.143
235,272,105.443,91.985,0,3.566,1.407,2.544,5.153,11.421,0.214
236,273,49.947,44.283,0,2.530,1.502,2.817,5.847,13.109,0.167
236,274,52.219,45.009,0,2.207,1.540,3.019,6.597,15.619,0.143
237,274,66.985,61.611,0,2.368,1.524,2.903,6.113,13.864,0.147
237,275,68.048,60.485,0,3.386,1.640,3.277,7.169,16.750,0.201
238,274,62.836,184.571,0,2.796,1.488,2.750,5.625,12.420,0.125
238,275,62.337,184.859,0,3.660,1.585,3.101,6.687,15.489,0.250
238,276,62.454,185.067,0,2.964,1.383,2.442,4.810,10.332,0.192
238,277,62.612,184.590,0,3.425,1.541,2.941,6.211,14.145,0.200
238,278,62.214,185.033,0,3.138,1.638,3.298,7.304,17.325,0.167
239,275,106.963,90.822,0,2.406,1.377,2.435,4.843,10.584,0.200
239,276,106.537,90.389,0,3.867,1.512,2.807,5.754,12.721,0.167
239,277,106.067,91.499,0,2.927,1.505,2.834,5.905,13.270,0.200
239,278,105.907,91.546,0,3.294,1.406,2.500,4.976,10.840,0.167
239,279,106.455,93.739,0,3.307,1.535,2.917,6.136,13.947,0.200
240,275,93.432,186.366,0,2.955,1.469,2.672,5.387,11.762,0.200
240,276,94.424,184.180,0,2.900,1.277,2.047,3.596,6.789,0.167
241,276,90.163,59.108,0,2.679,1.361,2.337,4.435,9.126,0.169
241,277,88.003,53.187,0,3.792,1.502,2.834,5.932,13.429,0.200
241,278,88.761,50.866,0,2.249,1.408,2.517,5.017,10.882,0.167
242,277,70.323,59.181,0,2.496,1.456,2.680,5.484,12.183,0.200
242,278,70.566,59.466,0,3.060,1.507,2.842,5.974,13.647,0.167
243,279,51.460,44.541,0,2.428,1.455,2.675,5.479,12.201,0.227
243,280,50.992,45.384,0,2.288,1.256,2.056,3.783,7.684,0.250
244,280,62.432,184.673,0,3.520,1.594,3.103,6.661,15.373,0.250
244,281,62.202,185.122,0,3.846,1.545,3.011,6.548,15.446,0.200
244,282,62.181,183.552,0,3.497,1.488,2.747,5.608,12.345,0.127
244,283,61.270,183.500,0,4.356,1.592,3.112,6.716,15.595,0.167
244,284,60.487,184.271,0,3.447,1.620,3.248,7.201,17.174,0.143
244,285,60.560,183.291,0,3.305,1.537,2.888,5.985,13.353,0.251
244,286,60.986,182.682,0,3.266,1.588,3.099,6.652,15.304,0.144
244,287,61.575,183.610,0,4.488,1.440,2.567,5.029,10.607,0.200
244,288,61.707,184.378,0,4.378,1.697,3.520,8.013,19.495,0.200
244,289,60.530,186.393,0,3.605,1.540,2.952,6.265,14.344,0.250
244,290,59.138,182.843,0,2.975,1.569,3.111,6.885,16.509,0.200
244,291,60.542,186.359,0,3.726,1.582,3.061,6.518,14.898,0.200
244,292,58.880,181.816,0,2.762,1.558,3.060,6.679,15.752,0.167
244,293,57.635,182.444,0,3.599,1.426,2.517,4.911,10.378,0.250
244,294,57.331,182.763,0,4.629,1.498,2.771,5.650,12.415,0.167
244,295,57.116,185.638,0,5.048,1.460,2.653,5.339,11.627,0.200
244,296,55.760,182.083,0,3.495,1.702,3.563,8.176,20.002,0.200
244,297,57.032,185.173,0,4.020,1.612,3.228,7.158,17.085,0.250
244,298,56.141,185.324,0,4.052,1.553,2.964,6.218,13.993,0.206
244,299,53.810,183.046,0,4.048,1.507,2.855,6.004,13.643,0.263
244,300,55.157,183.284,0,2.970,1.434,2.616,5.303,11.652,0.083
244,301,55.220,182.503,0,3.319,1.572,3.119,6.923,16.680,0.200
244,302,57.017,182.416,0,3.121,1.330,2.294,4.501,9.812,0.134
245,281,108.273,97.026,0,2.718,1.576,3.128,6.903,16.437,0.200
245,282,106.774,97.819,0,2.966,1.389,2.453,4.818,10.307,0.128
246,282,52.431,47.170,0,3.394,1.412,2.472,4.757,9.856,0.127
246,283,51.997,48.746,0,1.963,1.246,1.993,3.543,6.892,0.218
247,283,71.371,58.483,0,2.914,1.475,2.727,5.610,12.530,0.273
247,284,71.179,58.899,0,2.742,1.460,2.686,5.485,12.151,0.196
247,285,71.406,58.548,0,3.288,1.631,3.241,7.075,16.543,0.158
247,286,71.348,58.235,0,3.174,1.491,2.748,5.593,12.281,0.177
248,284,89.012,58.510,0,3.066,1.532,2.924,6.179,14.093,0.161
248,285,90.131,59.510,0,3.297,1.554,2.968,6.235,14.071,0.269
249,284,106.311,97.785,0,2.590,1.467,2.732,5.686,12.880,0.233
249,285,104.852,98.523,0,2.596,1.302,2.173,4.079,8.469,0.282
249,286,104.314,98.119,0,3.141,1.452,2.591,5.076,10.686,0.160
249,287,102.917,98.219,0,2.343,1.364,2.394,4.696,10.043,0.224
250,286,52.505,49.501,0,2.640,1.463,2.726,5.680,12.888,0.146
250,287,53.142,51.002,0,2.230,1.301,2.224,4.321,9.359,0.224
250,288,52.052,52.560,0,3.454,1.469,2.723,5.605,12.485,0.203
251,289,104.224,95.796,0,3.223,1.489,2.784,5.765,12.898,0.250
251,290,103.162,95.638,0,4.313,1.456,2.643,5.318,11.601,0.210
252,291,72.902,56.127,0,2.243,1.380,2.450,4.880,10.644,0.200
252,292,73.764,57.394,0,3.509,1.487,2.730,5.534,12.091,0.168
253,293,68.343,65.266,0,3.015,1.480,2.753,5.720,12.945,0.250
253,294,67.418,64.512,0,2.611,1.311,2.160,3.902,7.582,0.167
254,293,103.264,97.442,0,4.211,1.558,2.959,6.175,13.833,0.250
254,294,102.843,97.492,0,3.874,1.526,2.881,6.011,13.528,0.167
255,294,99.807,46.109,0,3.069,1.349,2.268,4.185,8.311,0.167
255,295,101.515,45.923,0,3.861,1.374,2.403,4.658,9.781,0.200
255,296,101.895,45.677,0,3.361,1.336,2.215,4.046,7.997,0.200
256,295,105.588,171.398,0,4.118,1.570,3.042,6.536,15.178,0.201
256,296,106.594,170.333,0,3.212,1.516,2.832,5.830,12.906,0.200
256,297,107.218,171.346,0,3.091,1.482,2.749,5.690,12.832,0.250
256,298,107.188,171.718,0,3.123,1.463,2.666,5.378,11.729,0.217
257,297,84.458,40.588,0,4.133,1.419,2.545,5.098,11.144,0.250
257,298,84.195,39.748,0,3.284,1.515,2.902,6.192,14.335,0.222
257,299,84.439,40.267,0,3.805,1.515,2.836,5.847,12.976,0.332
257,300,84.062,40.863,0,2.340,1.442,2.645,5.413,12.057,0.083
257,301,83.935,40.678,0,3.693,1.407,2.486,4.864,10.312,0.200
258,298,99.247,42.973,0,3.353,1.467,2.694,5.464,11.947,0.232
258,299,100.083,41.479,0,3.645,1.516,2.842,5.884,13.132,0.320
258,300,100.458,39.535,0,2.787,1.564,2.984,6.224,13.865,0.090
258,301,98.844,40.509,0,3.251,1.438,2.557,5.007,10.560,0.200
258,302,97.391,39.847,0,2.937,1.393,2.435,4.710,9.867,0.150
258,303,99.367,39.777,0,2.737,1.401,2.475,4.860,10.368,0.314
258,304,99.194,39.601,0,3.814,1.368,2.335,4.396,8.944,0.111
258,305,98.410,37.798,0,3.097,1.486,2.735,5.548,12.132,0.245
259,301,76.306,56.872,0,2.459,1.404,2.501,4.952,10.647,0.200
259,302,76.141,56.538,0,3.108,1.248,1.947,3.333,6.178,0.125
260,302,101.456,161.804,0,2.696,1.354,2.316,4.422,9.237,0.131
260,303,101.492,161.007,0,2.579,1.382,2.419,4.711,9.989,0.250
261,302,53.019,181.598,0,2.647,1.457,2.727,5.722,13.118,0.239
261,303,53.870,181.841,0,5.167,1.509,2.819,5.831,13.052,0.200
261,304,52.167,183.027,0,3.003,1.565,3.134,7.021,17.032,0.111
261,305,51.793,182.055,0,4.512,1.598,3.147,6.829,15.911,0.200
261,306,51.344,180.356,0,3.796,1.551,2.965,6.215,13.948,0.391
261,307,50.852,181.453,0,4.506,1.472,2.686,5.422,11.837,0.200
261,308,48.840,179.437,0,2.705,1.354,2.368,4.660,10.106,0.167
261,309,48.783,180.242,0,2.986,1.602,3.155,6.859,16.034,0.130
261,310,48.110,180.045,0,4.092,1.457,2.684,5.511,12.305,0.200
261,311,48.535,182.174,0,2.308,1.377,2.404,4.694,10.045,0.299
261,312,48.419,181.725,0,2.485,1.358,2.348,4.512,9.432,0.225
261,313,47.977,181.922,0,2.699,1.542,2.974,6.328,14.488,0.153
261,314,46.954,180.467,0,1.710,1.233,1.938,3.366,6.352,0.127
261,315,47.814,182.413,0,2.841,1.468,2.696,5.524,12.320,0.171
262,303,85.753,40.653,0,3.097,1.411,2.483,4.845,10.274,0.220
262,304,85.290,40.647,0,2.769,1.457,2.644,5.357,11.837,0.139
262,305,85.211,40.873,0,3.574,1.496,2.789,5.755,12.831,0.201
262,306,85.197,41.367,0,4.055,1.464,2.672,5.398,11.782,0.200
262,307,83.965,41.318,0,3.931,1.540,2.963,6.290,14.355,0.200
263,303,112.469,93.422,0,2.883,1.420,2.507,4.892,10.332,0.287
263,304,111.449,86.800,0,2.264,1.409,2.540,5.149,11.457,0.116
263,305,111.663,91.725,0,3.317,1.431,2.558,5.076,10.933,0.213
264,307,64.349,56.536,0,1.525,1.116,1.633,2.622,4.567,0.200
264,308,61.841,63.826,0,1.948,1.196,1.852,3.222,6.235,0.167
265,307,68.149,64.973,0,2.317,1.409,2.536,5.085,11.102,0.239
265,308,68.318,63.171,0,2.273,1.399,2.475,4.890,10.554,0.167
266,308,82.479,183.595,0,4.519,1.505,2.759,5.538,11.903,0.167
266,309,81.115,183.727,0,3.331,1.395,2.437,4.729,9.980,0.111
266,310,81.538,183.169,0,4.712,1.531,2.896,6.042,13.563,0.200
266,311,81.574,182.810,0,5.619,1.457,2.647,5.314,11.533,0.250
266,312,82.457,184.320,0,3.790,1.524,2.839,5.794,12.653,0.125
266,313,81.203,184.347,0,3.383,1.471,2.655,5.252,11.127,0.143
266,314,81.496,183.208,0,2.988,1.359,2.306,4.315,8.738,0.125
266,315,82.382,183.474,0,4.682,1.390,2.404,4.560,9.295,0.167
266,316,82.361,184.140,0,4.664,1.444,2.600,5.170,11.108,0.167
266,317,82.183,184.695,0,5.592,1.554,2.971,6.237,14.023,0.167
266,318,81.596,185.971,0,3.783,1.520,2.881,6.066,13.817,0.200
266,319,81.936,185.334,0,4.451,1.407,2.477,4.839,10.268,0.250
266,320,83.079,184.913,0,4.393,1.488,2.761,5.679,12.623,0.217
266,321,83.476,184.661,0,4.158,1.361,2.336,4.460,9.292,0.250
266,322,83.473,184.269,0,3.637,1.334,2.255,4.217,8.561,0.174
266,323,84.081,183.862,0,3.714,1.434,2.599,5.229,11.403,0.167
266,324,85.183,184.600,0,3.872,1.534,2.902,6.057,13.612,0.169
267,309,53.294,181.905,0,3.118,1.682,3.436,7.700,18.452,0.112
267,310,53.644,184.176,0,3.003,1.463,2.759,5.863,13.644,0.207
268,312,89.934,35.699,0,2.940,1.304,2.194,4.151,8.681,0.125
268,313,89.621,36.123,0,2.892,1.443,2.655,5.500,12.495,0.146
269,312,48.330,52.598,0,2.425,1.346,2.320,4.492,9.577,0.225
269,313,47.198,57.063,0,3.434,1.655,3.394,7.688,18.700,0.143
270,312,73.193,57.882,0,3.072,1.539,2.952,6.278,14.411,0.129
270,313,73.000,56.817,0,2.927,1.537,2.930,6.198,14.184,0.156
271,313,109.910,93.417,0,2.299,1.464,2.726,5.661,12.761,0.143
271,314,109.918,93.926,0,2.500,1.506,2.820,5.846,13.098,0.137
272,314,84.158,42.343,0,2.073,1.354,2.340,4.516,9.535,0.156
272,315,87.520,41.446,0,3.510,1.606,3.224,7.178,17.218,0.167
272,316,87.967,39.848,0,3.702,1.505,2.832,5.910,13.344,0.167
273,316,110.181,96.494,0,3.259,1.387,2.405,4.574,9.342,0.167
273,317,108.455,96.340,0,3.310,1.448,2.656,5.453,12.216,0.167
274,317,105.600,41.843,0,2.516,1.389,2.460,4.886,10.641,0.167
274,318,104.365,41.966,0,3.446,1.637,3.271,7.137,16.589,0.200
275,319,104.236,96.385,0,4.003,1.510,2.858,6.018,13.720,0.250
275,320,104.084,95.440,0,4.279,1.543,2.952,6.270,14.408,0.217
276,319,47.506,182.988,0,3.203,1.550,2.975,6.331,14.557,0.250
276,320,49.287,182.175,0,3.190,1.461,2.692,5.517,12.259,0.277
276,321,52.189,183.605,0,3.259,1.381,2.448,4.887,10.745,0.250
276,322,52.555,183.081,0,3.117,1.508,2.831,5.881,13.194,0.329
277,321,87.455,37.162,0,2.937,1.448,2.618,5.270,11.549,0.250
277,322,86.276,36.696,0,2.544,1.308,2.165,4.003,8.128,0.167
277,323,86.518,37.431,0,2.875,1.445,2.618,5.258,11.447,0.167
277,324,84.534,36.469,0,2.657,1.314,2.194,4.094,8.390,0.167
277,325,84.458,36.953,0,3.502,1.507,2.828,5.892,13.303,0.143
278,321,72.489,59.760,0,2.793,1.308,2.248,4.403,9.619,0.250
278,322,72.728,60.351,0,3.559,1.404,2.491,4.926,10.623,0.174
278,323,72.371,59.992,0,2.031,1.269,2.087,3.847,7.819,0.167
278,324,72.839,59.218,0,2.904,1.443,2.592,5.152,11.083,0.167
279,322,103.487,96.641,0,3.297,1.511,2.807,5.771,12.825,0.283
279,323,103.309,95.930,0,3.639,1.332,2.231,4.134,8.320,0.167
279,324,103.556,94.848,0,3.331,1.555,2.985,6.313,14.342,0.167
279,325,103.604,96.699,0,2.903,1.425,2.566,5.143,11.216,0.157
279,326,104.402,98.153,0,2.842,1.450,2.619,5.240,11.353,0.206
279,327,103.575,96.178,0,3.597,1.620,3.227,7.083,16.672,0.143
279,328,103.274,95.692,0,3.790,1.518,2.836,5.843,12.987,0.200
280,325,107.256,172.643,0,2.738,1.386,2.407,4.623,9.607,0.153
280,326,108.704,172.777,0,3.251,1.523,2.851,5.909,13.237,0.182
280,327,109.660,172.569,0,2.793,1.502,2.864,6.108,14.183,0.198
281,325,52.227,181.539,0,2.755,1.501,2.813,5.831,13.027,0.266
281,326,53.703,182.906,0,2.991,1.520,2.892,6.082,13.777,0.194
282,327,83.099,36.686,0,3.137,1.394,2.449,4.794,10.235,0.143
282,328,82.094,37.181,0,3.762,1.341,2.275,4.285,8.784,0.200
282,329,82.590,37.483,0,3.548,1.597,3.111,6.675,15.390,0.111
282,330,83.161,37.405,0,3.177,1.436,2.559,5.010,10.534,0.111
282,331,83.899,36.202,0,3.940,1.543,2.975,6.374,14.787,0.167
282,332,82.524,36.744,0,3.187,1.371,2.380,4.601,9.704,0.202
282,333,83.393,36.282,0,3.306,1.604,3.198,7.042,16.674,0.125
283,329,45.682,56.714,0,2.373,1.370,2.336,4.377,8.840,0.189
283,330,44.514,57.104,0,2.199,1.476,2.740,5.640,12.578,0.115
283,331,43.780,58.730,0,3.049,1.415,2.517,4.944,10.489,0.261
284,329,87.766,183.706,0,2.972,1.573,3.103,6.777,15.933,0.112
284,330,87.965,183.184,0,2.610,1.601,3.178,6.973,16.439,0.163
285,330,150.862,134.393,0,1.541,1.007,1.276,1.719,2.482,0.111
285,331,150.154,135.697,0,1.506,1.327,2.286,4.556,10.259,0.167
286,332,72.510,57.965,0,3.420,1.444,2.601,5.203,11.296,0.201
286,333,72.297,57.500,0,2.808,1.503,2.832,5.922,13.404,0.125
287,332,104.832,98.456,0,3.657,1.528,2.875,5.959,13.289,0.200
287,333,105.263,97.980,0,2.704,1.610,3.232,7.191,17.231,0.125
287,334,106.607,97.612,0,3.029,1.334,2.277,4.323,8.947,0.143
287,335,105.789,98.444,0,2.810,1.474,2.750,5.706,12.839,0.203
288,334,62.868,57.514,0,2.640,1.453,2.631,5.275,11.456,0.143
288,335,66.487,64.131,0,2.799,1.392,2.446,4.794,10.256,0.264
288,336,66.794,64.873,0,2.442,1.297,2.199,4.223,9.000,0.167
289,335,83.322,36.535,0,2.951,1.398,2.437,4.708,9.875,0.263
289,336,82.038,36.453,0,2.812,1.410,2.514,4.983,10.717,0.225
289,337,82.061,36.522,0,3.232,1.448,2.653,5.444,12.212,0.279
290,335,43.847,56.714,0,2.247,1.366,2.335,4.412,9.033,0.200
290,336,46.250,62.879,0,2.045,1.338,2.380,4.879,11.212,0.167
291,335,87.692,182.848,0,4.766,1.604,3.145,6.783,15.698,0.200
291,336,88.037,183.609,0,4.703,1.529,2.915,6.171,14.153,0.167
291,337,87.836,183.066,0,5.532,1.406,2.480,4.853,10.310,0.250
291,338,88.024,183.206,0,6.215,1.468,2.688,5.436,11.868,0.500
291,339,88.681,183.478,0,3.701,1.671,3.388,7.535,17.912,0.167
291,340,88.270,183.519,0,3.466,1.615,3.198,6.984,16.394,0.172
291,341,87.475,182.345,0,3.723,1.637,3.273,7.233,17.212,0.167
291,342,89.268,183.398,0,3.824,1.541,2.944,6.226,14.209,0.229
292,336,52.671,185.269,0,3.158,1.510,2.821,5.830,13.019,0.167
292,337,54.044,183.961,0,3.165,1.539,2.973,6.361,14.671,0.251
292,338,55.331,184.718,0,3.722,1.350,2.287,4.279,8.668,0.500
292,339,55.514,184.764,0,3.858,1.451,2.594,5.105,10.830,0.167
292,340,54.424,184.427,0,3.356,1.414,2.560,5.225,11.733,0.167
292,341,53.948,185.322,0,4.707,1.524,2.884,6.007,13.447,0.167
292,342,53.289,185.692,0,2.709,1.295,2.132,3.907,7.839,0.167
293,339,95.845,82.309,0,1.799,1.280,2.112,3.878,7.770,0.254
293,340,96.350,82.306,0,2.675,1.466,2.710,5.590,12.549,0.167
294,339,99.525,91.154,0,2.386,1.569,3.126,6.931,16.590,0.174
294,340,98.545,91.656,0,3.428,1.540,2.942,6.196,14.033,0.173
294,341,99.024,90.995,0,4.226,1.469,2.703,5.521,12.215,0.167
294,342,99.224,92.885,0,4.275,1.447,2.626,5.305,11.643,0.167
294,343,101.220,94.512,0,3.702,1.634,3.268,7.207,17.063,0.143
294,344,100.821,93.668,0,3.120,1.457,2.656,5.364,11.724,0.210
294,345,99.948,93.206,0,3.743,1.392,2.457,4.840,10.408,0.250
294,346,100.522,92.920,0,3.942,1.688,3.453,7.743,18.538,0.250
294,347,100.175,92.660,0,4.076,1.699,3.475,7.783,18.620,0.200
295,341,45.776,53.604,0,2.966,1.515,2.831,5.820,12.833,0.167
295,342,45.850,52.640,0,3.719,1.519,2.850,5.935,13.396,0.229
296,342,81.465,38.590,0,2.281,1.297,2.175,4.091,8.467,0.167
296,343,80.913,37.714,0,2.169,1.441,2.651,5.451,12.219,0.143
296,344,80.580,38.099,0,3.224,1.517,2.877,6.019,13.548,0.210
297,344,88.711,184.530,0,3.961,1.528,2.847,5.816,12.742,0.200
297,345,88.695,185.277,0,5.288,1.452,2.618,5.208,11.185,0.250
297,346,87.821,184.815,0,5.177,1.403,2.493,4.916,10.515,0.250
297,347,88.126,184.589,0,5.544,1.376,2.374,4.525,9.333,0.200
297,348,88.050,185.464,0,5.487,1.378,2.407,4.686,9.968,0.333
297,349,87.933,184.931,0,5.099,1.453,2.649,5.341,11.634,0.250
297,350,88.098,185.069,0,5.726,1.498,2.807,5.840,13.158,0.333
297,351,87.622,185.930,0,5.728,1.546,2.959,6.261,14.290,0.250
297,352,88.064,186.365,0,4.610,1.487,2.796,5.857,13.321,0.250
297,353,88.380,186.352,0,4.107,1.441,2.594,5.171,11.162,0.143
297,354,86.897,186.493,0,5.271,1.465,2.703,5.556,12.421,0.250
297,355,86.832,186.501,0,5.168,1.441,2.553,4.938,10.205,0.200
297,356,86.777,185.742,0,5.593,1.435,2.549,4.980,10.490,0.250
297,357,86.265,185.526,0,4.721,1.558,2.991,6.332,14.415,0.143
297,358,86.167,185.367,0,4.206,1.405,2.491,4.901,10.472,0.200
297,359,85.962,185.753,0,4.238,1.473,2.732,5.638,12.627,0.472
297,360,86.383,185.544,0,3.734,1.339,2.270,4.274,8.762,0.253
297,361,86.759,186.081,0,5.344,1.417,2.539,5.072,11.040,0.250
297,362,86.219,185.245,0,4.283,1.352,2.331,4.508,9.584,0.333
297,363,86.241,185.863,0,4.327,1.484,2.728,5.544,12.162,0.200
297,364,86.185,185.538,0,3.042,1.431,2.556,5.046,10.780,0.209
297,365,85.625,186.658,0,3.633,1.439,2.615,5.297,11.680,0.222
297,366,87.933,187.187,0,3.435,1.534,2.928,6.200,14.196,0.143
297,367,88.298,186.565,0,2.901,1.290,2.128,3.901,7.799,0.143
297,368,90.120,184.717,0,3.265,1.496,2.790,5.774,12.933,0.200
298,346,44.063,53.484,0,3.323,1.534,2.922,6.153,13.969,0.250
298,347,44.173,53.418,0,2.827,1.436,2.589,5.217,11.476,0.200
299,347,56.050,184.196,0,3.378,1.534,2.979,6.430,15.018,0.200
299,348,55.964,183.634,0,3.982,1.520,2.857,5.905,13.103,0.333
300,349,41.261,53.383,0,2.831,1.330,2.285,4.437,9.538,0.250
300,350,41.163,53.790,0,3.148,1.366,2.344,4.441,9.105,0.333
301,352,99.443,89.741,0,3.305,1.643,3.348,7.553,18.324,0.250
301,353,100.139,87.983,0,2.524,1.470,2.852,6.284,15.194,0.143
301,354,100.961,87.839,0,2.352,1.321,2.240,4.213,8.600,0.250
301,355,101.518,87.479,0,2.891,1.459,2.711,5.657,12.918,0.200
302,352,58.225,183.763,0,3.493,1.521,2.851,5.897,13.147,0.250
302,353,56.774,185.448,0,3.093,1.684,3.392,7.456,17.465,0.143
303,353,95.467,170.485,0,2.692,1.421,2.526,4.995,10.745,0.144
303,354,95.445,170.909,0,2.743,1.343,2.309,4.426,9.259,0.250
304,355,56.394,185.726,0,3.455,1.618,3.199,6.976,16.354,0.200
304,356,55.341,185.776,0,3.085,1.536,2.961,6.333,14.621,0.269
304,357,54.607,185.781,0,2.486,1.303,2.142,3.880,7.599,0.143
305,356,38.552,53.741,0,3.426,1.459,2.666,5.420,11.988,0.250
305,357,39.915,53.244,0,2.001,1.190,1.867,3.315,6.597,0.144
305,358,40.192,52.597,0,2.511,1.238,1.969,3.462,6.618,0.200
306,356,68.549,59.767,0,3.269,1.572,3.093,6.751,15.897,0.269
306,357,69.767,60.787,0,3.348,1.481,2.729,5.572,12.322,0.143
306,358,69.403,61.177,0,3.069,1.276,2.064,3.654,6.951,0.200
306,359,69.229,61.648,0,4.279,1.496,2.757,5.596,12.230,0.472
306,360,69.766,59.947,0,3.745,1.387,2.432,4.739,10.031,0.253
306,361,68.626,59.458,0,3.059,1.522,2.895,6.117,13.985,0.250
307,357,104.063,86.384,0,2.666,1.419,2.586,5.265,11.684,0.143
307,358,100.260,92.221,0,2.267,1.403,2.544,5.156,11.366,0.200
308,358,120.591,79.595,0,3.589,1.652,3.327,7.376,17.529,0.200
308,359,119.535,80.574,0,3.237,1.481,2.720,5.515,12.057,0.250
309,360,58.563,182.350,0,3.044,1.355,2.307,4.323,8.738,0.200
309,361,59.609,182.872,0,3.568,1.360,2.302,4.269,8.491,0.250
309,362,59.383,182.608,0,4.654,1.476,2.675,5.307,11.285,0.333
309,363,60.016,182.912,0,3.520,1.559,3.009,6.451,14.951,0.200
309,364,59.350,183.422,0,3.158,1.433,2.600,5.271,11.659,0.211
309,365,60.237,182.973,0,3.422,1.483,2.746,5.650,12.616,0.428
309,366,61.007,183.591,0,2.527,1.536,2.937,6.258,14.469,0.153
309,367,60.375,182.955,0,3.150,1.508,2.863,6.042,13.799,0.145
309,368,58.643,183.575,0,3.040,1.504,2.834,5.919,13.370,0.155
309,369,58.172,183.452,0,3.298,1.583,3.095,6.651,15.310,0.167
309,370,57.055,182.573,0,3.195,1.338,2.259,4.226,8.577,0.250
309,371,56.529,182.496,0,2.976,1.508,2.784,5.648,12.303,0.143
310,363,79.960,37.087,0,2.851,1.462,2.702,5.528,12.210,0.200
310,364,79.049,37.212,0,2.711,1.450,2.665,5.495,12.384,0.143
311,364,70.025,62.395,0,3.408,1.483,2.768,5.746,12.941,0.144
311,365,69.831,61.649,0,3.366,1.526,2.930,6.245,14.393,0.267
311,366,71.460,60.693,0,2.859,1.553,3.010,6.517,15.313,0.149
312,364,117.704,76.657,0,2.576,1.325,2.291,4.474,9.659,0.143
312,365,115.793,76.550,0,3.452,1.494,2.765,5.672,12.614,0.435
312,366,116.645,76.294,0,3.054,1.523,2.845,5.834,12.839,0.148
312,367,115.737,75.547,0,3.123,1.433,2.566,5.087,10.919,0.173
313,365,102.756,197.819,0,2.898,1.515,2.842,5.846,12.879,0.200
313,366,105.149,197.280,0,2.352,1.470,2.781,5.923,13.789,0.154
314,367,102.517,85.630,0,2.953,1.417,2.503,4.886,10.321,0.175
314,368,101.240,90.277,0,3.314,1.431,2.624,5.425,12.318,0.194
314,369,102.314,86.762,0,3.645,1.500,2.832,5.964,13.631,0.167
314,370,99.578,90.016,0,4.025,1.447,2.647,5.422,12.119,0.250
314,371,99.768,88.422,0,3.966,1.522,2.915,6.212,14.349,0.143
314,372,100.345,86.744,0,4.479,1.662,3.349,7.390,17.428,0.250
314,373,102.080,85.670,0,3.102,1.533,2.936,6.220,14.193,0.167
315,367,103.355,149.684,0,2.515,1.317,2.161,3.899,7.583,0.143
315,368,103.937,149.206,0,3.305,1.379,2.424,4.759,10.201,0.162
315,369,105.065,147.684,0,2.692,1.444,2.643,5.397,11.996,0.348
315,370,104.363,149.085,0,2.680,1.322,2.209,4.075,8.146,0.250
315,371,103.860,148.926,0,3.220,1.314,2.240,4.293,9.063,0.143
315,372,103.852,148.664,0,2.935,1.405,2.538,5.179,11.643,0.250
315,373,103.968,148.826,0,2.589,1.482,2.744,5.603,12.316,0.168
315,374,104.639,148.483,0,2.837,1.430,2.542,5.006,10.688,0.330
315,375,104.981,147.523,0,2.880,1.550,3.018,6.524,15.229,0.166
315,376,104.663,148.388,0,3.476,1.466,2.693,5.468,11.958,0.250
315,377,105.465,147.210,0,2.857,1.582,3.140,6.901,16.315,0.200
315,378,105.159,148.823,0,2.704,1.439,2.666,5.554,12.676,0.143
315,379,105.154,148.310,0,2.827,1.552,3.055,6.703,15.913,0.182
316,370,89.248,184.574,0,3.561,1.552,2.971,6.299,14.429,0.250
316,371,89.046,185.438,0,3.154,1.675,3.427,7.665,18.272,0.143
317,371,115.610,76.093,0,2.462,1.427,2.583,5.227,11.554,0.143
317,372,116.883,76.383,0,4.447,1.468,2.699,5.521,12.271,0.250
317,373,117.075,76.794,0,2.497,1.311,2.184,4.048,8.200,0.167
317,374,116.278,76.931,0,2.902,1.532,2.918,6.156,14.022,0.167
317,375,116.766,76.681,0,3.057,1.538,2.948,6.253,14.320,0.166
318,371,102.013,197.986,0,2.826,1.631,3.324,7.484,18.092,0.143
318,372,102.725,199.004,0,2.541,1.326,2.259,4.330,9.153,0.250
319,373,56.870,182.538,0,3.143,1.437,2.568,5.094,10.983,0.167
319,374,57.219,184.194,0,2.848,1.431,2.559,5.088,11.016,0.330
320,373,89.682,185.365,0,3.465,1.389,2.416,4.660,9.764,0.167
320,374,88.867,185.492,0,4.367,1.515,2.863,5.998,13.572,0.167
320,375,88.177,185.953,0,3.728,1.543,2.966,6.319,14.531,0.143
320,376,87.413,186.061,0,4.030,1.534,2.906,6.082,13.731,0.250
320,377,86.659,188.001,0,4.556,1.378,2.405,4.693,10.025,0.200
320,378,87.271,188.694,0,3.291,1.570,3.032,6.455,14.765,0.143
320,379,88.107,188.219,0,3.018,1.637,3.354,7.607,18.547,0.111
320,380,88.211,188.229,0,3.479,1.662,3.442,7.867,19.269,0.133
320,381,88.995,188.468,0,2.863,1.422,2.608,5.401,12.305,0.200
320,382,87.091,187.428,0,3.239,1.608,3.196,7.009,16.519,0.118
320,383,87.103,188.690,0,3.266,1.266,2.057,3.717,7.348,0.167
320,384,86.468,189.032,0,3.198,1.454,2.671,5.457,12.095,0.185
320,385,87.561,188.842,0,2.746,1.417,2.486,4.808,10.023,0.200
320,386,88.838,189.764,0,4.757,1.424,2.507,4.829,9.963,0.125
320,387,89.402,187.615,0,4.464,1.587,3.110,6.738,15.740,0.250
320,388,90.013,187.942,0,2.537,1.520,2.901,6.108,13.832,0.276
320,389,88.569,188.375,0,3.409,1.455,2.626,5.245,11.349,0.146
320,390,89.385,188.182,0,3.545,1.406,2.473,4.828,10.257,0.168
320,391,90.059,189.214,0,3.593,1.429,2.566,5.104,10.995,0.143
320,392,91.131,189.022,0,3.264,1.355,2.363,4.632,9.983,0.167
320,393,91.232,189.685,0,3.088,1.299,2.107,3.748,7.171,0.314
320,394,90.797,188.752,0,4.181,1.379,2.377,4.531,9.374,0.167
320,395,90.720,188.359,0,2.885,1.374,2.431,4.842,10.609,0.157
320,396,89.888,185.734,0,4.066,1.686,3.453,7.755,18.598,0.143
320,397,89.355,188.179,0,3.750,1.493,2.795,5.827,13.183,0.200
320,398,89.160,186.952,0,4.010,1.610,3.218,7.109,16.900,0.143
320,399,88.398,187.248,0,3.399,1.563,3.021,6.416,14.597,0.168
321,377,117.679,76.224,0,3.331,1.454,2.648,5.344,11.683,0.368
321,378,119.505,76.188,0,2.304,1.462,2.718,5.649,12.780,0.233
322,378,104.676,44.961,0,2.303,1.430,2.621,5.392,12.141,0.232
322,379,108.165,46.532,0,2.478,1.445,2.681,5.570,12.612,0.111
323,378,57.418,186.328,0,2.505,1.520,2.996,6.662,16.172,0.143
323,379,57.838,187.111,0,2.733,1.568,3.036,6.487,14.902,0.181
324,379,71.684,62.310,0,3.609,1.633,3.247,7.099,16.625,0.123
324,380,72.185,62.217,0,2.448,1.377,2.432,4.825,10.514,0.237
324,381,72.432,61.871,0,4.399,1.438,2.543,4.947,10.370,0.200
324,382,72.858,61.727,0,2.615,1.428,2.573,5.182,11.376,0.113
325,379,88.724,183.606,0,3.403,1.609,3.209,7.105,16.984,0.123
325,380,89.124,183.658,0,3.645,1.636,3.276,7.220,17.058,0.133
326,380,79.399,194.850,0,3.115,1.411,2.487,4.852,10.250,0.125
326,381,81.739,196.068,0,2.533,1.361,2.313,4.327,8.719,0.330
326,382,81.296,197.579,0,3.254,1.553,2.961,6.195,13.894,0.118
326,383,82.285,198.572,0,3.490,1.573,3.016,6.346,14.319,0.167
327,382,101.504,181.482,0,2.381,1.562,3.057,6.646,15.607,0.112
327,383,102.509,181.357,0,3.041,1.504,2.834,5.961,13.652,0.185
327,384,104.190,181.635,0,3.195,1.365,2.346,4.474,9.269,0.146
327,385,104.657,182.215,0,3.790,1.594,3.114,6.669,15.289,0.200
327,386,105.382,183.197,0,3.281,1.393,2.429,4.676,9.730,0.158
328,384,108.544,60.222,0,4.253,1.510,2.763,5.502,11.671,0.143
328,385,106.436,59.366,0,3.592,1.441,2.597,5.194,11.277,0.215
328,386,106.000,58.985,0,3.681,1.523,2.910,6.185,14.239,0.125
329,385,89.511,181.300,0,3.797,1.479,2.696,5.412,11.697,0.215
329,386,89.452,182.562,0,3.568,1.430,2.598,5.295,11.825,0.126
330,386,54.282,181.758,0,4.256,1.432,2.537,4.959,10.478,0.125
330,387,54.885,181.846,0,4.166,1.397,2.461,4.809,10.198,0.253
331,387,76.935,41.000,0,3.900,1.429,2.602,5.310,11.824,0.253
331,388,78.772,41.223,0,4.666,1.499,2.789,5.742,12.778,0.167
331,389,79.307,40.468,0,3.754,1.515,2.870,6.021,13.650,0.196
331,390,79.998,42.196,0,4.137,1.458,2.679,5.488,12.220,0.167
331,391,80.571,42.026,0,2.754,1.347,2.322,4.435,9.173,0.160
331,392,78.878,42.113,0,3.103,1.514,2.868,6.037,13.735,0.318
331,393,79.089,43.199,0,2.701,1.457,2.674,5.464,12.147,0.219
332,388,106.273,181.990,0,3.305,1.472,2.732,5.637,12.607,0.256
332,389,104.689,181.908,0,3.184,1.588,3.133,6.842,16.117,0.180
333,389,55.663,183.244,0,3.863,1.468,2.647,5.244,11.170,0.153
333,390,56.449,183.416,0,3.461,1.504,2.829,5.899,13.286,0.228
334,390,114.624,74.523,0,3.217,1.438,2.578,5.088,10.811,0.184
334,391,113.831,74.501,0,2.961,1.335,2.231,4.118,8.250,0.154
335,391,36.440,45.568,0,4.081,1.526,2.875,5.983,13.443,0.143
335,392,36.177,45.233,0,3.087,1.514,2.910,6.220,14.400,0.318
336,392,98.270,82.720,0,3.661,1.654,3.326,7.356,17.431,0.167
336,393,97.759,83.524,0,3.752,1.413,2.534,5.082,11.143,0.167
336,394,97.605,83.940,0,2.255,1.352,2.349,4.567,9.710,0.168
337,393,107.117,182.766,0,3.038,1.290,2.111,3.801,7.384,0.314
337,394,108.545,181.536,0,2.551,1.392,2.474,4.941,10.838,0.180
337,395,110.067,181.680,0,3.073,1.527,2.915,6.139,13.908,0.143
338,394,90.060,181.010,0,3.868,1.533,2.947,6.300,14.572,0.181
338,395,89.550,180.244,0,2.838,1.457,2.644,5.280,11.349,0.159
339,395,79.390,43.073,0,2.575,1.400,2.522,5.095,11.257,0.219
339,396,80.467,42.841,0,3.655,1.435,2.586,5.168,11.201,0.143
339,397,79.641,42.168,0,3.366,1.555,2.966,6.201,13.879,0.200
339,398,78.808,41.603,0,4.259,1.473,2.689,5.395,11.633,0.143
339,399,78.294,41.296,0,3.159,1.459,2.654,5.377,11.837,0.191
340,395,71.264,59.718,0,2.509,1.436,2.617,5.317,11.758,0.216
340,396,72.523,59.661,0,3.102,1.453,2.630,5.261,11.373,0.155
341,395,55.793,185.394,0,3.412,1.371,2.404,4.728,10.214,0.143
341,396,54.625,185.630,0,3.813,1.607,3.167,6.855,15.894,0.184
342,395,96.854,195.331,0,2.229,1.345,2.322,4.490,9.521,0.143
342,396,97.501,195.575,0,3.078,1.502,2.852,6.044,13.935,0.155
343,396,37.319,43.613,0,3.690,1.567,3.067,6.638,15.464,0.184
343,397,37.783,44.016,0,2.797,1.461,2.685,5.505,12.279,0.200
343,398,37.164,43.459,0,2.213,1.304,2.253,4.443,9.784,0.143
343,399,37.497,43.933,0,3.466,1.449,2.629,5.288,11.521,0.126
344,396,106.545,54.288,0,4.838,1.655,3.301,7.199,16.763,0.143
344,397,106.811,55.350,0,4.301,1.478,2.719,5.524,12.118,0.200
345,397,109.709,181.060,0,2.490,1.388,2.466,4.902,10.642,0.200
345,398,110.250,180.418,0,3.044,1.448,2.599,5.137,10.936,0.173
346,398,72.249,60.532,0,3.217,1.425,2.560,5.162,11.421,0.173
346,399,72.449,59.613,0,3.094,1.426,2.560,5.116,11.131,0.190
347,398,108.092,167.565,0,3.618,1.443,2.620,5.270,11.478,0.143
347,399,107.990,167.423,0,3.282,1.582,3.109,6.789,16.023,0.168
