Trajectory,Frame,x,y,z,m0,m1,m2,m3,m4,NPscore
1,0,68.52619,63.75361,0,4.79266,1.42028,2.51651,4.93832,10.51176,1.00000
1,1,67.58950,63.09125,0,5.15803,1.40433,2.46996,4.80923,10.14762,1.00000
1,2,66.76649,61.29119,0,4.25194,1.43928,2.58351,5.11755,10.93650,1.00000
1,3,66.64146,62.73380,0,4.33825,1.50074,2.77486,5.66257,12.46490,1.00000
1,4,67.61829,63.37844,0,3.03603,1.53178,2.89903,6.05932,13.65316,1.00000
1,5,67.94308,61.46503,0,2.87274,1.47976,2.71219,5.49592,12.03510,1.00000
1,6,68.08031,61.60485,0,2.57718,1.44700,2.60095,5.16833,11.10626,1.00000
1,7,67.18616,61.76921,0,3.85848,1.45276,2.63524,5.28063,11.42796,1.00000
1,8,66.34658,59.75574,0,2.29464,1.48241,2.73624,5.58221,12.30053,1.00000
1,9,65.04031,59.32615,0,3.64462,1.47044,2.67993,5.38430,11.66076,1.00000
1,10,65.31866,57.82822,0,2.20903,1.43880,2.56232,5.02389,10.60791,0.50000
2,10,71.55434,51.75901,0,1.83075,1.53995,2.95830,6.32754,14.67276,0.50000
2,11,71.13439,51.49901,0,2.39019,1.52373,2.88124,6.04499,13.73046,1.00000
2,12,71.47433,51.37926,0,2.69896,1.50642,2.80276,5.75339,12.72962,1.00000
2,13,71.58332,52.11398,0,2.56491,1.40190,2.45233,4.72335,9.80800,1.00000
2,14,71.26878,52.01828,0,1.60270,1.60682,3.19869,7.02486,16.55527,1.00000
3,16,74.59830,52.70892,0,1.45189,1.36948,2.41868,4.80682,10.51248,1.00000
3,17,75.44993,53.40023,0,1.81861,1.56740,3.01476,6.39683,14.61012,1.00000
3,18,74.48401,55.19936,0,1.32763,1.65219,3.37774,7.61835,18.42031,1.00000
3,19,74.79624,54.85627,0,1.45830,1.61370,3.19210,6.95759,16.27782,0.50000
3,20,75.55470,55.51804,0,1.33138,1.70099,3.51168,7.94617,19.19315,1.00000
3,21,77.69014,57.26031,0,1.63954,1.44009,2.56060,5.00486,10.53314,1.00000
3,22,79.01799,56.67098,0,1.96165,1.45257,2.64934,5.39346,11.96779,1.00000
3,23,79.83574,55.22247,0,2.30139,1.55128,2.96724,6.24506,14.11252,1.00000
3,24,80.50477,55.57230,0,2.42757,1.46211,2.67010,5.41274,11.91047,1.00000
3,25,80.14871,54.51017,0,3.68322,1.59289,3.10474,6.65900,15.33771,1.00000
3,26,80.43340,51.89281,0,3.89097,1.45800,2.64119,5.28923,11.45549,1.00000
3,27,79.16400,52.35911,0,4.31707,1.46962,2.67429,5.36518,11.60008,1.00000
3,28,77.65248,51.59324,0,3.04644,1.38378,2.41516,4.66945,9.79862,1.00000
3,29,78.94060,50.42524,0,3.12294,1.46031,2.65088,5.31846,11.53486,1.00000
3,30,79.57757,50.65060,0,1.84690,1.41983,2.53435,5.05311,11.01530,1.00000
3,31,78.50920,55.33739,0,1.21381,1.55544,2.97533,6.27638,14.25273,1.00000
3,32,78.77185,51.88185,0,1.00496,1.60092,3.23568,7.30608,17.86256,0.50000
4,34,70.03281,56.29850,0,0.85047,1.69102,3.54449,8.13509,19.90918,0.33333
4,35,68.43034,53.35402,0,1.23394,1.63341,3.31179,7.42720,17.91384,1.00000
5,36,78.53664,54.81083,0,2.37164,1.56762,3.00747,6.34569,14.36828,1.00000
5,37,77.27049,54.52139,0,2.63828,1.55013,2.94078,6.14275,13.80649,1.00000
6,38,76.46910,65.16255,0,2.10834,1.51266,2.83134,5.85859,13.08822,1.00000
6,39,75.73986,64.56075,0,2.09647,1.48921,2.73763,5.54531,12.10086,1.00000
6,40,73.69479,64.14732,0,0.79706,1.40363,2.45863,4.75367,9.91792,0.36078
6,41,73.59328,63.29652,0,1.63915,1.34979,2.28653,4.28708,8.73215,1.00000
6,42,73.31876,63.40805,0,1.51267,1.56572,3.03814,6.53826,15.20521,0.33353
7,42,75.65647,58.56214,0,1.06243,1.31936,2.23422,4.23319,8.80514,0.33333
7,43,76.62447,61.20260,0,1.37966,1.55076,2.97236,6.28167,14.28158,1.00000
8,46,65.52780,59.89917,0,2.81097,1.34276,2.28274,4.30204,8.81981,1.00000
8,47,64.96403,59.52136,0,1.78425,1.50002,2.82393,5.89726,13.32486,0.59008
8,48,65.35261,59.90767,0,1.76334,1.51644,2.85977,5.93128,13.19821,0.50000
9,47,75.24483,55.25423,0,1.59949,1.51113,2.83582,5.88316,13.15890,0.59008
9,48,73.88880,56.63997,0,1.50315,1.30426,2.16403,4.00196,8.11252,0.50000
9,49,73.57384,54.09082,0,2.95306,1.45337,2.62880,5.25770,11.37592,1.00000
9,50,73.55834,52.47255,0,3.46650,1.51197,2.81946,5.80052,12.86894,1.00000
9,51,73.69315,50.57291,0,3.84396,1.40636,2.46404,4.75671,9.91257,1.00000
9,52,73.26841,51.10696,0,4.08218,1.42337,2.54452,5.04037,10.81995,1.00000
9,53,71.51092,53.26590,0,3.51609,1.48338,2.75652,5.68563,12.71234,1.00000
9,54,70.48380,52.97402,0,3.79986,1.47352,2.69810,5.45931,11.92383,1.00000
9,55,68.95197,53.27680,0,2.98807,1.43195,2.57071,5.12616,11.10115,1.00000
9,56,68.15396,53.07869,0,4.80850,1.45378,2.63478,5.28378,11.45869,1.00000
9,57,68.14055,52.53666,0,2.96146,1.54715,2.95405,6.23005,14.15905,1.00000
9,58,70.12928,52.91353,0,2.88701,1.49535,2.81432,5.90836,13.47060,1.00000
9,59,69.70350,52.22675,0,3.16481,1.48200,2.73391,5.57597,12.28184,1.00000
9,60,70.56385,51.75993,0,3.36522,1.54139,2.93562,6.16132,13.90499,1.00000
9,61,70.54436,53.90847,0,2.98889,1.45058,2.63022,5.27141,11.41375,1.00000
9,62,70.61235,55.01377,0,3.12676,1.46650,2.67248,5.37574,11.66239,1.00000
9,63,67.94891,56.33134,0,2.21819,1.49114,2.76529,5.64484,12.38543,1.00000
9,64,67.57910,57.75126,0,1.89714,1.55046,2.94116,6.14640,13.82908,0.50000
9,65,66.39133,57.46424,0,1.29848,1.42961,2.55127,5.06843,10.97097,0.50000
9,66,67.83858,57.94000,0,1.89119,1.39513,2.46271,4.82908,10.29242,0.50128
9,67,67.76305,56.73385,0,1.89402,1.51819,2.86112,5.95755,13.36848,0.50000
9,68,67.85715,55.82035,0,2.16270,1.47399,2.71900,5.55933,12.30069,0.35352
10,65,117.38692,1.42728,0,1.16472,1.23899,1.95011,3.43218,6.68887,0.50000
10,66,114.85868,2.27515,0,1.64871,1.48549,2.70887,5.39670,11.48145,0.50128
10,67,113.71887,1.86326,0,1.30812,1.39179,2.43131,4.74525,10.11827,0.50000
10,68,111.69096,1.41088,0,1.57804,1.16078,1.68450,2.67156,4.60046,0.33333
10,69,113.86047,1.17238,0,1.31253,1.12153,1.57867,2.42506,4.05763,0.50000
11,68,75.14164,66.15425,0,2.37905,1.45017,2.62271,5.25867,11.43028,0.35352
11,69,75.78989,64.76644,0,1.97714,1.43201,2.59086,5.21488,11.40080,0.50000
12,70,67.62167,57.31625,0,2.31349,1.46017,2.64395,5.28737,11.41352,1.00000
12,71,68.39848,56.64912,0,2.42567,1.33950,2.26943,4.25912,8.68512,1.00000
12,72,67.90671,56.56199,0,2.59782,1.40680,2.47968,4.84816,10.29004,0.51063
12,73,66.53831,56.35800,0,1.66681,1.46999,2.67101,5.35687,11.59630,0.50001
12,74,65.80178,55.55343,0,1.65576,1.53219,2.92204,6.16681,14.04439,0.50000
12,75,65.75880,54.38488,0,1.45790,1.54121,2.96122,6.31535,14.56638,0.77769
13,72,77.37090,61.34807,0,2.78457,1.46962,2.68496,5.40668,11.72720,0.51063
13,73,76.20950,60.81820,0,2.09022,1.41149,2.47141,4.75483,9.84054,0.50001
13,74,74.86176,61.93973,0,1.09380,1.39918,2.50158,4.98423,10.80056,0.50000
13,75,75.23275,63.80740,0,1.46646,1.50578,2.85310,6.03818,13.89946,0.77769
13,76,75.35558,64.72623,0,1.96562,1.50355,2.80696,5.79352,12.90676,1.00000
13,77,74.22699,65.46052,0,1.65855,1.45753,2.67165,5.43504,11.98022,1.00000
13,78,72.79406,65.68410,0,1.89207,1.59854,3.15441,6.88004,16.15059,0.61387
14,78,69.28189,51.54483,0,1.72538,1.58225,3.11192,6.78010,15.92989,0.61387
14,79,71.37343,51.20214,0,2.85483,1.53268,2.89473,6.02356,13.48220,1.00000
14,80,68.83733,49.91928,0,1.34231,1.45934,2.69270,5.54277,12.41398,0.58709
14,81,68.61604,49.78022,0,1.81706,1.41503,2.49412,4.84730,10.17067,0.66596
14,82,67.70585,50.50029,0,2.20311,1.46742,2.68205,5.44061,11.96725,0.50000
15,80,74.43458,65.65904,0,1.37493,1.51360,2.87679,6.08961,13.99460,0.58709
15,81,74.50790,65.32867,0,1.74556,1.36357,2.36395,4.56895,9.63946,0.66596
15,82,74.53355,66.30840,0,1.65090,1.48391,2.78644,5.82453,13.19749,0.50000
15,83,72.90502,67.68783,0,1.08812,1.57928,3.09096,6.70648,15.70671,0.50000
15,84,74.78693,67.68794,0,2.85670,1.52114,2.86740,5.96969,13.40193,1.00000
15,85,77.22337,67.75512,0,4.51734,1.46261,2.66159,5.36316,11.70183,1.00000
15,86,78.62712,67.86168,0,5.34425,1.50428,2.79557,5.72893,12.64875,1.00000
15,87,78.36623,67.75746,0,5.26515,1.50812,2.79714,5.70817,12.53016,1.00000
15,88,78.91704,66.50419,0,7.35741,1.52983,2.88497,5.99756,13.42494,1.00000
15,89,79.01929,67.16138,0,6.80406,1.52411,2.88609,6.04978,13.69842,1.00000
15,90,78.50329,66.65013,0,4.47514,1.57577,3.05845,6.55455,15.12880,1.00000
15,91,78.69458,65.97815,0,3.52959,1.61847,3.22262,7.06652,16.61782,0.50000
15,92,81.76861,65.01759,0,3.33516,1.49829,2.80210,5.80260,12.98726,0.64488
15,93,81.11015,66.45615,0,3.78006,1.43162,2.54363,4.98065,10.52205,0.50000
15,94,80.83187,67.21916,0,3.63469,1.42107,2.51970,4.93055,10.41953,0.50002
15,95,80.64072,65.85222,0,2.49764,1.37394,2.37303,4.54780,9.48393,0.50000
16,91,70.35421,51.27404,0,2.96683,1.52788,2.89721,6.07957,13.77033,0.50000
16,92,71.84891,50.12875,0,3.36444,1.45489,2.64745,5.33469,11.63447,0.64488
16,93,71.78065,50.88050,0,3.29200,1.47204,2.70746,5.52087,12.19660,0.50000
16,94,73.59077,50.44354,0,3.33984,1.32480,2.18118,3.92303,7.55723,0.50002
16,95,74.94506,51.02566,0,3.01097,1.53622,2.93850,6.23477,14.30045,0.50000
16,96,74.62779,50.77962,0,3.70723,1.34003,2.25136,4.16116,8.29863,1.00000
16,97,74.18918,50.54979,0,3.89285,1.46837,2.67878,5.40262,11.77645,0.50020
16,98,74.62927,51.59805,0,3.18766,1.54030,2.92823,6.14575,13.89576,0.50017
16,99,77.37100,52.46846,0,4.64700,1.40315,2.43328,4.62770,9.45391,1.00000
16,100,78.21867,53.85603,0,5.43800,1.44617,2.59857,5.16516,11.11151,1.00000
16,101,77.50695,53.55996,0,5.36794,1.45237,2.60727,5.14247,10.90488,1.00000
16,102,75.19566,53.28495,0,3.37125,1.45522,2.63262,5.24584,11.25613,0.50083
16,103,74.30530,54.10817,0,2.57892,1.45899,2.65919,5.36426,11.70349,0.50523
16,104,73.87366,54.34295,0,2.28684,1.48348,2.75140,5.64468,12.51159,0.50000
17,97,79.77731,66.87901,0,4.23526,1.41340,2.48115,4.79450,9.98511,0.50020
17,98,81.40415,66.28506,0,3.29276,1.43428,2.54206,4.94755,10.35043,0.50017
18,102,81.67492,61.22512,0,3.02254,1.48198,2.71251,5.46960,11.88146,0.50083
18,103,81.77656,61.01807,0,2.88072,1.45599,2.64826,5.33481,11.63522,0.50523
18,104,81.95141,62.09409,0,3.51707,1.54392,2.96509,6.29748,14.41474,0.50000
18,105,81.85704,62.35773,0,3.92072,1.48941,2.75553,5.64296,12.49222,1.00000
18,106,82.33109,61.60862,0,3.26539,1.45838,2.61083,5.13260,10.85117,1.00000
18,107,82.32572,61.34709,0,2.81323,1.51836,2.87429,6.03643,13.71653,1.00000
18,108,81.69041,62.36136,0,2.80629,1.45569,2.62402,5.22878,11.27065,1.00000
18,109,82.68003,63.62302,0,3.59269,1.47301,2.66994,5.31572,11.37531,1.00000
18,110,82.83854,62.20627,0,2.88104,1.55160,2.97697,6.29761,14.31659,1.00000
18,111,83.28400,62.63331,0,3.27326,1.51268,2.81559,5.78050,12.79571,1.00000
18,112,83.18925,62.90757,0,2.28953,1.58085,3.08350,6.63190,15.33441,1.00000
18,113,81.31487,61.30417,0,1.63234,1.63184,3.31316,7.45933,18.08730,0.50000
19,113,68.02438,56.67698,0,1.38529,1.40619,2.51580,5.01239,10.85050,0.50000
19,114,68.17111,56.90876,0,1.86928,1.41145,2.50148,4.92435,10.54170,1.00000
19,115,69.83473,57.60749,0,1.38907,1.40557,2.45493,4.71268,9.73332,0.33333
20,115,83.50361,60.56379,0,1.82252,1.56925,3.07226,6.67232,15.63750,0.33633
20,116,87.26278,59.30494,0,2.24309,1.49372,2.84119,6.08146,14.23151,1.00000
20,117,83.74099,58.70181,0,3.98512,1.57104,3.04938,6.57025,15.31659,1.00000
20,118,86.95753,58.20487,0,3.57164,1.55013,3.00274,6.46085,15.03322,1.00000
20,119,85.16776,58.84437,0,2.86433,1.67343,3.42442,7.71031,18.59408,0.80273
20,120,85.33031,59.34637,0,5.41478,1.71000,3.52420,7.94033,19.06459,1.00000
20,121,84.54942,60.48531,0,3.91684,1.60300,3.18204,7.00957,16.66524,1.00000
20,122,85.85184,63.38833,0,3.58697,1.53800,2.93699,6.20805,14.16270,1.00000
20,123,86.73309,64.55069,0,2.56527,1.52947,2.85389,5.82642,12.71549,0.50000
21,123,83.43845,58.35037,0,2.54858,1.37177,2.33870,4.38879,8.88968,0.50000
21,124,84.06092,57.19772,0,3.05210,1.43020,2.56177,5.08286,10.92799,1.00000
21,125,83.27438,57.10456,0,2.72910,1.45617,2.64912,5.35647,11.76833,1.00000
21,126,80.86686,57.88351,0,4.77843,1.45556,2.64094,5.29076,11.44639,1.00000
21,127,81.56006,58.33382,0,3.38562,1.41650,2.49158,4.82326,10.06204,1.00000
21,128,82.44360,59.25546,0,1.73848,1.26679,2.02345,3.55108,6.73096,0.50000
22,128,85.37246,64.78338,0,2.68728,1.33268,2.24257,4.17161,8.41881,0.50000
22,129,85.46593,64.78342,0,3.56904,1.44167,2.58712,5.13242,11.01680,1.00000
22,130,85.33631,64.46857,0,3.64888,1.42308,2.52429,4.94464,10.46865,1.00000
22,131,86.14600,64.16475,0,2.62017,1.67296,3.40415,7.59536,18.10033,1.00000
22,132,83.98277,62.02629,0,2.22488,1.58098,3.10961,6.76833,15.85687,1.00000
22,133,84.05325,61.61945,0,2.83214,1.63339,3.26581,7.16834,16.83269,1.00000
22,134,83.39789,59.80631,0,2.18175,1.38716,2.42819,4.71573,9.94210,0.50001
22,135,82.60583,59.62335,0,2.23871,1.30839,2.17550,4.00896,8.03988,0.50000
23,134,82.46186,65.47572,0,1.75065,1.32734,2.26692,4.35410,9.22266,0.50001
23,135,86.64458,64.59660,0,2.28584,1.59865,3.15276,6.84535,15.93918,0.50000
23,136,87.14476,62.29918,0,2.90730,1.43765,2.58587,5.14590,11.06642,1.00000
23,137,87.29915,60.72594,0,2.82236,1.49115,2.79296,5.81748,13.14641,1.00000
23,138,87.11745,61.19593,0,2.70303,1.45388,2.63642,5.29186,11.49332,1.00000
23,139,87.11192,62.29364,0,2.47921,1.50930,2.82168,5.82979,12.99519,1.00000
23,140,86.43720,61.79622,0,2.42592,1.39845,2.46408,4.82734,10.29518,1.00000
23,141,86.15407,61.86851,0,2.89576,1.46014,2.66081,5.38857,11.86362,0.50000
24,141,81.26232,62.71586,0,2.17585,1.51572,2.94105,6.40323,15.18685,0.50000
24,142,79.77644,62.54109,0,4.41067,1.40598,2.45724,4.71804,9.74292,1.00000
24,143,79.25668,62.53403,0,5.78879,1.36770,2.33040,4.36659,8.82470,1.00000
24,144,79.46457,62.08493,0,5.96592,1.48648,2.74302,5.59047,12.29238,1.00000
24,145,80.25678,61.54054,0,3.89888,1.42470,2.54415,5.03780,10.82814,1.00000
24,146,81.30784,60.96329,0,3.26917,1.44042,2.59156,5.16791,11.17160,1.00000
25,147,88.43935,60.32158,0,3.12252,1.40082,2.43834,4.65797,9.56117,1.00000
25,148,88.07178,60.39427,0,1.52001,1.47496,2.74720,5.70255,12.85999,0.50000
25,149,87.73828,61.09207,0,1.36957,1.46121,2.72930,5.72172,13.09682,0.50000
26,148,81.00210,62.56101,0,2.19413,1.54776,2.97480,6.33976,14.60486,0.50000
26,149,81.69151,61.67387,0,1.94160,1.50275,2.78707,5.72699,12.73922,0.50000
26,150,81.62438,61.92651,0,2.18491,1.67918,3.44118,7.74703,18.65162,1.00000
26,151,81.40453,61.27850,0,2.69497,1.51675,2.87253,6.03051,13.69154,1.00000
26,152,82.24862,60.64027,0,3.28158,1.49719,2.77550,5.70154,12.68310,1.00000
26,153,81.19028,60.45811,0,1.56975,1.44356,2.66352,5.52157,12.53762,0.50021
27,153,66.37320,54.41413,0,1.23435,1.38490,2.45646,4.87670,10.57457,0.50021
27,154,66.05393,54.49702,0,3.22288,1.53672,2.90985,6.08585,13.72398,1.00000
27,155,65.33729,57.10508,0,3.19170,1.47061,2.68729,5.43153,11.86266,1.00000
27,156,64.74076,57.76677,0,2.80379,1.39350,2.42489,4.65076,9.62475,0.50001
28,156,81.16266,60.93421,0,2.91494,1.52156,2.87502,6.01014,13.57207,0.50001
28,157,81.39735,61.68832,0,3.91875,1.42147,2.49656,4.81668,10.00235,1.00000
28,158,80.78795,63.10759,0,2.75345,1.45895,2.62674,5.19800,11.05395,0.50000
29,158,67.36238,57.66608,0,2.15951,1.47715,2.70334,5.46837,11.94793,0.50000
29,159,65.47424,57.33255,0,4.05165,1.44569,2.58769,5.09733,10.81725,1.00000
29,160,66.37201,56.48876,0,2.99425,1.46946,2.67196,5.35652,11.57765,0.50000
29,161,66.06322,55.15841,0,3.40404,1.41832,2.51779,4.94854,10.52890,0.50000
29,162,66.02467,53.93719,0,3.33720,1.48601,2.75657,5.66625,12.59440,0.50000
29,163,66.88965,54.24256,0,4.18576,1.43016,2.53857,4.96509,10.46878,0.50000
29,164,67.13203,55.68782,0,4.25147,1.42839,2.53510,4.95378,10.43149,0.50000
29,165,67.25554,55.21043,0,4.11634,1.52539,2.84741,5.83845,12.85121,0.50429
30,160,83.51148,62.22202,0,3.65954,1.47212,2.71757,5.58626,12.48101,0.50000
30,161,83.54862,62.68690,0,4.77067,1.51396,2.81885,5.78013,12.75688,0.50000
30,162,83.68591,61.38758,0,4.33772,1.46901,2.68167,5.40962,11.79507,0.50000
30,163,83.32037,61.95143,0,3.60356,1.44891,2.61690,5.23006,11.30639,0.50000
30,164,83.63087,63.75032,0,4.82143,1.49333,2.74915,5.56916,12.13866,0.50000
30,165,82.61140,63.19722,0,4.27908,1.44390,2.58533,5.09949,10.84152,0.50429
30,166,83.57758,62.35850,0,4.92076,1.43800,2.56883,5.06771,10.80617,1.00000
30,167,83.05416,63.09702,0,3.98294,1.52178,2.88801,6.07562,13.81116,0.50000
30,168,82.24714,63.41479,0,2.95547,1.45300,2.60660,5.15055,10.96838,0.65151
30,169,81.73907,64.30028,0,3.67789,1.45984,2.64167,5.27294,11.35197,0.50000
30,170,82.22613,63.89029,0,3.93779,1.51011,2.82421,5.84085,13.04396,1.00000
30,171,83.50059,65.27663,0,4.85114,1.46278,2.63620,5.21643,11.08872,1.00000
30,172,83.43932,66.70565,0,4.16133,1.36603,2.32331,4.33453,8.69572,1.00000
30,173,83.81831,66.04126,0,5.42513,1.44710,2.60112,5.16451,11.08091,1.00000
30,174,83.13062,66.41814,0,4.99864,1.40122,2.43722,4.66187,9.60736,1.00000
30,175,82.31039,66.54503,0,5.48004,1.38119,2.36805,4.45197,8.99368,1.00000
30,176,83.16099,65.38458,0,4.63804,1.48838,2.74416,5.59120,12.30444,1.00000
30,177,81.61522,64.21257,0,2.46171,1.48541,2.73755,5.58526,12.32812,1.00000
30,178,80.77934,61.70164,0,4.00849,1.42729,2.53375,4.96805,10.53425,1.00000
30,179,81.60191,62.52414,0,4.05018,1.40709,2.44361,4.65257,9.51458,1.00000
30,180,81.47391,63.76768,0,3.59180,1.38054,2.37094,4.46517,9.03303,1.00000
30,181,82.19823,63.84866,0,3.23596,1.34904,2.28749,4.28838,8.71006,1.00000
30,182,82.46619,63.93126,0,2.30818,1.42954,2.55890,5.08535,10.97629,1.00000
30,183,83.77638,63.25523,0,1.25081,1.44001,2.62192,5.32474,11.77379,0.50000
30,184,84.44450,62.78673,0,2.21656,1.43377,2.58577,5.18698,11.31685,1.00000
30,185,83.56548,62.77551,0,1.88022,1.44488,2.64195,5.38721,11.95872,1.00000
30,186,83.44341,63.44073,0,4.03823,1.52772,2.86444,5.90343,13.06339,1.00000
30,187,84.36729,62.48528,0,4.36103,1.39014,2.39908,4.54328,9.25439,1.00000
30,188,82.45366,63.22913,0,3.89006,1.35151,2.27947,4.22318,8.42089,1.00000
30,189,82.66248,62.92357,0,4.60644,1.39001,2.41317,4.62542,9.58984,1.00000
30,190,82.31252,62.00637,0,3.97920,1.44537,2.60726,5.22489,11.37314,1.00000
30,191,80.45659,60.36922,0,4.78749,1.40184,2.44377,4.68386,9.66667,1.00000
30,192,80.78889,60.28236,0,5.09413,1.45889,2.65601,5.35194,11.65983,1.00000
30,193,80.47562,60.31308,0,6.37540,1.41056,2.49344,4.87453,10.31548,1.00000
30,194,80.96407,59.70477,0,5.12623,1.53178,2.90776,6.10874,13.85643,1.00000
30,195,82.34180,56.69554,0,4.83911,1.65219,3.31137,7.28048,17.12891,1.00000
30,196,82.19189,55.14618,0,3.09788,1.48395,2.75834,5.70318,12.80156,1.00000
30,197,83.41343,55.60390,0,3.92618,1.61307,3.18887,6.95354,16.30681,1.00000
30,198,82.06068,53.25741,0,3.79387,1.46426,2.70711,5.58315,12.53037,1.00000
30,199,80.81501,52.32117,0,4.06323,1.39516,2.43669,4.70976,9.87054,1.00000
30,200,80.79969,51.92427,0,3.85858,1.40658,2.50616,4.99428,10.89085,1.00000
30,201,79.41666,52.42624,0,2.77303,1.39598,2.43450,4.68479,9.74276,0.92420
30,202,78.62938,51.41652,0,3.57158,1.39172,2.40199,4.55757,9.32026,0.50000
30,203,78.57911,51.24030,0,3.57370,1.38098,2.37319,4.48162,9.11072,0.61712
31,167,68.49487,54.58313,0,3.25859,1.41197,2.51456,4.98445,10.75993,0.50000
31,168,68.36837,54.54358,0,3.01389,1.49246,2.74966,5.59455,12.29154,0.65151
31,169,68.36005,56.48060,0,2.60852,1.34440,2.26472,4.19846,8.40036,0.50000
32,201,80.27962,58.54591,0,2.71729,1.40882,2.44795,4.63985,9.39079,0.92420
32,202,80.33319,58.46006,0,2.68928,1.28290,2.06746,3.64677,6.90816,0.50000
32,203,80.38213,59.10300,0,3.44467,1.41273,2.48445,4.81212,10.05272,0.61712
32,204,80.81892,59.67664,0,2.99129,1.47738,2.70157,5.45126,11.86937,1.00000
33,205,79.63512,53.64438,0,2.63475,1.45733,2.61357,5.14747,10.89841,1.00000
33,206,80.19494,52.34787,0,2.09118,1.48476,2.73637,5.56313,12.19473,0.50000
33,207,81.81113,54.82201,0,4.76334,1.51882,2.86939,6.00426,13.56726,1.00000
33,208,81.84200,55.33961,0,5.07750,1.51286,2.83963,5.89359,13.20271,1.00000
33,209,82.63634,56.35248,0,5.74573,1.50200,2.78256,5.68333,12.50837,1.00000
33,210,82.44785,56.16343,0,5.82128,1.49573,2.76287,5.63822,12.42065,1.00000
33,211,82.59378,55.61776,0,3.65180,1.53380,2.89190,6.00272,13.40037,1.00000
33,212,83.49860,55.40431,0,3.09198,1.41163,2.48377,4.83258,10.18530,1.00000
33,213,84.27205,54.50521,0,3.14220,1.33197,2.21876,4.05692,7.98812,1.00000
33,214,84.29723,54.18103,0,1.98252,1.37431,2.37361,4.53571,9.40014,0.50520
33,215,85.49555,56.67610,0,3.16842,1.59597,3.14254,6.83165,15.96515,1.00000
33,216,85.49732,58.55153,0,4.01844,1.54627,2.94699,6.18600,13.96014,1.00000
33,217,85.11333,58.21416,0,4.15834,1.43188,2.56140,5.07490,10.89708,1.00000
33,218,85.90282,58.33620,0,3.38908,1.49535,2.75771,5.59856,12.23209,1.00000
33,219,86.70156,58.52329,0,4.15097,1.41426,2.48185,4.79206,9.97130,1.00000
33,220,86.34307,59.18769,0,4.66170,1.43489,2.55150,5.00174,10.58259,1.00000
33,221,86.57333,58.94922,0,4.69618,1.49787,2.76768,5.62648,12.29825,1.00000
33,222,86.91645,58.58747,0,4.45264,1.47923,2.72897,5.56519,12.25138,1.00000
33,223,86.44925,56.93596,0,2.55939,1.39201,2.45169,4.81009,10.28898,1.00000
33,224,85.85468,57.66765,0,1.61664,1.42402,2.57079,5.18297,11.40897,0.50000
34,224,114.60013,1.79075,0,1.20639,1.23331,1.92748,3.30010,6.08425,0.50000
34,225,114.79447,2.08074,0,1.31500,1.54102,2.93328,6.14330,13.80666,1.00000
34,226,114.68531,2.34420,0,1.13994,1.46525,2.71881,5.66667,12.93572,1.00000
34,227,115.95061,2.48687,0,0.64999,1.38402,2.45077,4.86513,10.56947,0.52376
35,228,78.53813,50.29236,0,0.86435,1.61555,3.15316,6.77420,15.63682,0.50000
35,229,81.06542,50.54596,0,1.09912,1.51665,2.88340,6.12360,14.14269,1.00000
35,230,82.26995,51.02068,0,1.66006,1.39873,2.46649,4.85308,10.42574,0.50000
35,231,82.17264,50.88770,0,1.55056,1.40492,2.52168,5.08676,11.26874,0.50000
36,230,83.54965,55.54340,0,1.14698,1.45372,2.71124,5.68468,13.02724,0.50000
36,231,82.83656,55.54779,0,1.99108,1.48347,2.76140,5.73292,12.94972,0.50000
36,232,82.85929,55.62238,0,2.86833,1.41432,2.52038,4.99704,10.78863,1.00000
36,233,84.53121,56.32224,0,1.80110,1.42444,2.55004,5.05791,10.87535,1.00000
36,234,86.34737,56.86488,0,2.07025,1.46693,2.68449,5.45967,12.05582,1.00000
36,235,85.66100,55.41183,0,2.19790,1.46361,2.66937,5.38284,11.73419,1.00000
36,236,83.75196,55.28655,0,2.43047,1.38048,2.38030,4.51934,9.25613,1.00000
36,237,83.73592,55.54758,0,2.78200,1.42987,2.55182,5.03984,10.78427,1.00000
36,238,85.21251,55.44618,0,1.51042,1.39621,2.47254,4.88174,10.51163,1.00000
36,239,84.47704,54.77610,0,1.30050,1.45794,2.68520,5.49552,12.19888,1.00000
37,242,105.45438,1.43854,0,0.53514,1.26042,2.00676,3.51533,6.65241,0.54533
37,243,106.84571,0.82819,0,0.30708,0.80106,0.95369,1.21428,1.68280,0.33333
38,248,82.23828,51.63190,0,2.01955,1.45792,2.65248,5.35206,11.70244,1.00000
38,249,81.66468,52.36675,0,2.32956,1.47505,2.67799,5.32555,11.33544,1.00000
38,250,78.33990,54.18353,0,1.00839,1.44068,2.62585,5.34616,11.86393,1.00000
39,252,82.18523,53.00743,0,0.58314,1.57898,3.20176,7.24882,17.73420,0.33333
39,253,80.82352,52.73667,0,0.65661,1.56971,3.06195,6.61499,15.39982,0.27752
39,254,76.86218,54.70784,0,0.75958,1.49026,2.81701,5.95894,13.71423,0.50000
39,255,77.62759,54.66043,0,1.70050,1.45237,2.61778,5.22518,11.29731,1.00000
39,256,76.66319,55.36470,0,1.44671,1.61423,3.20433,6.98013,16.27050,1.00000
39,257,77.73800,55.26826,0,2.02455,1.53169,2.92873,6.23441,14.39963,1.00000
39,258,78.65149,55.41762,0,2.89518,1.46081,2.63619,5.22435,11.11982,1.00000
39,259,78.64090,56.46541,0,2.33067,1.63306,3.25718,7.13312,16.71566,1.00000
39,260,80.63328,58.44089,0,1.49413,1.47864,2.74328,5.67232,12.74293,1.00000
39,261,77.86375,60.16116,0,1.53361,1.64489,3.33776,7.48193,18.01199,1.00000
39,262,76.97963,61.33987,0,1.99184,1.42145,2.52935,4.98900,10.67291,1.00000
39,263,78.63813,57.25010,0,1.94104,1.52617,2.88276,6.02544,13.59665,1.00000
39,264,79.11238,56.63478,0,3.51657,1.53754,2.92953,6.17411,14.03655,1.00000
39,265,80.26667,54.54503,0,3.63030,1.40614,2.46979,4.79695,10.09371,1.00000
39,266,80.37711,56.39997,0,2.05802,1.46406,2.70769,5.59171,12.58665,1.00000
39,267,82.98415,56.57222,0,1.76757,1.53798,2.91467,6.07847,13.62058,1.00000
39,268,81.40759,56.07208,0,1.74838,1.43328,2.56458,5.09069,10.95991,0.50012
39,269,81.75598,56.26901,0,1.71643,1.58826,3.09551,6.63781,15.27423,1.00000
39,270,80.96706,57.25865,0,1.92880,1.42054,2.54996,5.09199,11.05579,1.00000
39,271,81.14510,54.37192,0,2.15735,1.46843,2.66758,5.34034,11.51787,1.00000
39,272,80.77940,53.48386,0,2.52962,1.43041,2.54687,4.99838,10.57591,1.00000
39,273,81.24265,53.24133,0,2.03707,1.54707,2.97745,6.36086,14.70127,1.00000
39,274,80.06709,53.63450,0,2.99159,1.51820,2.87625,6.04299,13.72102,1.00000
39,275,82.04677,53.68122,0,2.03493,1.59189,3.11405,6.70734,15.51042,1.00000
39,276,82.45486,55.20437,0,2.39119,1.48923,2.74230,5.57073,12.19402,1.00000
39,277,82.06003,55.24355,0,2.46007,1.36874,2.34198,4.40811,8.94201,1.00000
39,278,81.23199,55.71191,0,2.74217,1.55988,2.96512,6.18559,13.83566,1.00000
39,279,83.50835,55.23382,0,1.14977,1.37654,2.40306,4.67807,9.95051,1.00000
39,280,85.20960,55.28634,0,1.32101,1.39976,2.43517,4.67570,9.70716,1.00000
39,281,84.49691,55.91465,0,1.33525,1.48169,2.74308,5.60699,12.34838,1.00000
39,282,82.91302,55.51886,0,1.49725,1.50117,2.80868,5.79979,12.90525,1.00000
39,283,82.35879,56.91498,0,0.89728,1.52190,2.94402,6.35515,14.87255,1.00000
39,284,82.56645,57.47467,0,0.71251,1.64240,3.37371,7.63597,18.50469,0.20000
39,285,83.38826,58.04831,0,0.83844,1.41063,2.51808,5.06514,11.22762,0.50003
39,286,83.54945,55.42933,0,1.06616,1.39922,2.49862,4.99075,10.89849,1.00000
39,287,83.72523,55.05199,0,0.90906,1.49316,2.81350,5.88437,13.31293,1.00000
40,288,74.52522,46.68370,0,1.50013,1.48851,2.76562,5.69082,12.65110,1.00000
40,289,75.79478,46.93850,0,0.87189,1.40786,2.55518,5.20587,11.59576,1.00000
40,290,76.54616,46.99763,0,1.63038,1.43300,2.59351,5.21080,11.34635,1.00000
40,291,75.57329,47.08420,0,2.03177,1.36808,2.34282,4.42440,9.03309,1.00000
40,292,75.46213,46.63152,0,2.93415,1.38348,2.38085,4.49423,9.11455,1.00000
40,293,76.15586,47.33190,0,2.31761,1.43682,2.57334,5.09048,10.88144,1.00000
40,294,77.65401,47.50882,0,1.36208,1.49888,2.75771,5.59412,12.23047,1.00000
40,295,78.06467,47.63004,0,1.67968,1.35325,2.32645,4.44086,9.22545,1.00000
40,296,76.85508,48.42181,0,0.76096,1.56433,3.03956,6.53297,15.13984,0.33333
40,297,78.96600,47.37535,0,0.58606,1.30905,2.27668,4.55267,10.22182,0.50011
40,298,77.45236,49.16360,0,1.26986,1.50362,2.82163,5.87537,13.23979,1.00000
40,299,77.03869,49.86115,0,1.75523,1.49052,2.76992,5.67927,12.53773,1.00000
40,300,77.55091,48.87694,0,3.17871,1.49364,2.77073,5.68331,12.59437,1.00000
40,301,78.18217,49.17260,0,3.99498,1.49320,2.75522,5.61295,12.33651,1.00000
40,302,77.69945,48.49414,0,3.32156,1.51238,2.81950,5.78828,12.79121,1.00000
40,303,77.86002,49.57902,0,2.91333,1.41626,2.50597,4.89801,10.35627,1.00000
40,304,78.48255,49.11487,0,3.68155,1.44829,2.61512,5.21855,11.24689,1.00000
40,305,77.11326,47.60263,0,2.94154,1.42659,2.50733,4.82748,9.96729,1.00000
40,306,76.45875,49.37907,0,2.55080,1.45618,2.63114,5.24204,11.26377,1.00000
40,307,77.43675,50.15164,0,1.74279,1.49020,2.76662,5.68825,12.65223,1.00000
40,308,77.05422,50.32989,0,2.02805,1.61347,3.20628,7.03325,16.58634,0.50000
40,309,76.97076,52.12369,0,1.13113,1.48162,2.78225,5.82982,13.27407,1.00000
40,310,75.76816,51.13474,0,0.99159,1.54162,2.99359,6.47331,15.17404,0.68776
40,311,76.29752,51.39620,0,1.22471,1.41510,2.56026,5.21287,11.65473,1.00000
40,312,75.32364,49.63781,0,1.46254,1.65519,3.34587,7.43331,17.68541,0.50000
40,313,77.69350,52.26734,0,0.94667,1.66513,3.43290,7.79606,18.96480,0.33333
41,312,73.39365,67.81822,0,1.19424,1.38170,2.38812,4.55636,9.39860,0.50000
41,313,72.22526,67.19132,0,0.78373,1.37579,2.42533,4.77829,10.29289,0.33334
41,314,71.69702,67.58939,0,1.35758,1.30459,2.19326,4.10276,8.37080,1.00000
42,315,77.52957,51.51264,0,1.42832,1.64782,3.33701,7.43996,17.76578,1.00000
42,316,77.41908,50.04973,0,2.20009,1.57843,3.08583,6.66446,15.48779,1.00000
42,317,79.23028,49.97502,0,3.28614,1.44417,2.61942,5.27851,11.54732,1.00000
42,318,79.60291,50.54858,0,4.82194,1.53020,2.88267,5.98602,13.38446,1.00000
42,319,79.90109,50.94017,0,2.67299,1.47622,2.73646,5.66348,12.77019,0.50000
42,320,79.31032,50.96414,0,3.17883,1.46242,2.67635,5.41148,11.80310,1.00000
42,321,79.96980,50.42161,0,2.10269,1.63810,3.28942,7.26924,17.21329,1.00000
42,322,83.08859,55.12204,0,2.31649,1.46391,2.68252,5.46737,12.10090,1.00000
42,323,84.87794,56.84762,0,2.83928,1.42281,2.52728,4.96282,10.53909,1.00000
42,324,85.45626,58.02735,0,2.12044,1.46518,2.68300,5.42198,11.80942,0.50001
43,324,79.86145,65.41134,0,2.56931,1.42737,2.57688,5.17703,11.30968,0.50001
43,325,80.16858,65.17112,0,2.73557,1.42909,2.55645,5.07830,10.95581,1.00000
43,326,81.05444,65.53639,0,2.00876,1.46990,2.70789,5.52553,12.19312,1.00000
43,327,82.47046,66.66337,0,1.56432,1.42284,2.49902,4.82553,10.04274,1.00000
43,328,82.42499,66.12099,0,2.23376,1.38277,2.39433,4.57535,9.44931,1.00000
43,329,81.11518,67.07919,0,2.18659,1.47228,2.70758,5.50854,12.10372,0.50000
43,330,79.33152,65.43896,0,1.94509,1.51246,2.84576,5.93427,13.38577,0.50000
44,329,104.83173,0.97120,0,1.14077,1.20775,1.98359,3.64164,7.31994,0.50000
44,330,109.01696,0.87151,0,0.63859,1.01330,1.48633,2.41742,4.28988,0.50000
44,331,106.89482,1.87671,0,1.58135,1.33137,2.24205,4.20091,8.59305,1.00000
44,332,107.18884,1.72445,0,1.24300,1.36004,2.36197,4.60452,9.87312,1.00000
44,333,107.11269,1.29743,0,0.88050,1.17451,1.76919,3.00548,5.74656,0.50000
44,334,107.48892,2.30779,0,2.32787,1.47414,2.66343,5.26041,11.10458,0.50000
44,335,108.18742,2.78447,0,1.68113,1.47311,2.70732,5.50236,12.07465,0.50100
45,333,77.63655,61.34791,0,1.36453,1.58144,3.06670,6.51752,14.81476,0.50000
45,334,79.57961,60.20248,0,2.40609,1.63659,3.25758,7.10691,16.57732,0.50000
45,335,79.11411,59.49057,0,2.02212,1.50010,2.79687,5.77702,12.90878,0.50100
45,336,80.15932,57.71841,0,1.89390,1.55055,3.00547,6.48071,15.13883,1.00000
45,337,80.71371,56.66588,0,3.99136,1.41478,2.48831,4.82310,10.09029,1.00000
45,338,79.95885,54.94756,0,2.28428,1.48507,2.79968,5.90434,13.56047,1.00000
45,339,80.06045,54.61503,0,2.60571,1.42125,2.52590,4.97875,10.64862,1.00000
46,340,104.97011,4.35741,0,2.92125,1.51899,2.84673,5.88056,13.07942,1.00000
46,341,104.41715,3.86990,0,3.15727,1.50222,2.78813,5.70505,12.57859,1.00000
47,342,79.32392,53.29943,0,3.94106,1.38094,2.38326,4.53416,9.32358,1.00000
47,343,78.72406,52.76286,0,2.79233,1.39128,2.42973,4.70607,9.90537,0.50000
47,344,79.80433,50.66815,0,4.26980,1.41312,2.47844,4.78085,9.93084,1.00000
47,345,79.16428,51.17141,0,3.45051,1.42280,2.51765,4.91001,10.32814,0.50001
47,346,78.60909,50.38391,0,3.53519,1.36008,2.30819,4.29810,8.60910,0.50002
47,347,78.72485,49.55930,0,3.63718,1.45455,2.61653,5.17710,11.02248,0.50001
48,345,102.18564,2.63547,0,2.97647,1.40624,2.46047,4.73320,9.80548,0.50001
48,346,100.21259,3.29967,0,3.59259,1.48750,2.75769,5.65499,12.52757,0.50002
48,347,100.52399,3.21382,0,3.17482,1.45157,2.60984,5.16712,11.02462,0.50001
48,348,100.81577,2.18042,0,4.60081,1.35692,2.30936,4.32876,8.75783,1.00000
48,349,101.73195,2.76931,0,2.95416,1.47143,2.67775,5.36438,11.56321,1.00000
48,350,102.05128,2.39386,0,3.17472,1.39940,2.44576,4.71742,9.83713,1.00000
48,351,102.19334,2.53617,0,3.30407,1.40502,2.45542,4.72206,9.78603,1.00000
48,352,102.80780,2.84692,0,2.42240,1.39505,2.43129,4.65985,9.61316,1.00000
48,353,100.33484,2.91114,0,2.28670,1.59198,3.11461,6.71683,15.56376,1.00000
48,354,101.07466,2.65318,0,1.57007,1.64090,3.27890,7.19340,16.88781,1.00000
48,355,104.30656,3.43501,0,3.42533,1.38441,2.39799,4.58633,9.49089,1.00000
48,356,104.36314,4.63367,0,3.25218,1.45650,2.64561,5.32297,11.60116,1.00000
48,357,101.96989,4.59499,0,2.04485,1.40235,2.46833,4.81120,10.16728,1.00000
48,358,102.45372,5.41928,0,3.23777,1.36344,2.30377,4.25575,8.42386,0.50836
48,359,102.39596,5.18685,0,2.41931,1.42462,2.52827,4.96848,10.58605,1.00000
48,360,102.32491,4.96776,0,3.95042,1.45654,2.63293,5.24702,11.27221,1.00000
48,361,103.26363,4.47038,0,2.19498,1.47753,2.70293,5.45975,11.90599,1.00000
48,362,101.29640,4.12900,0,1.60837,1.41389,2.51800,4.99060,10.77326,1.00000
48,363,102.39951,4.62117,0,1.66345,1.38654,2.37048,4.42603,8.84152,1.00000
48,364,103.80566,3.69196,0,2.39030,1.52553,2.89588,6.08514,13.80660,1.00000
48,365,104.76057,3.89081,0,2.94220,1.42086,2.52238,4.96115,10.57852,1.00000
48,366,103.99531,3.90602,0,1.73546,1.56058,3.02145,6.47226,14.94902,1.00000
48,367,102.65775,2.53983,0,1.71207,1.59980,3.11526,6.64199,15.14011,1.00000
48,368,103.50345,3.58413,0,1.63549,1.57712,3.05025,6.50788,14.95185,1.00000
48,369,104.09505,2.61451,0,2.30908,1.52759,2.88198,5.99067,13.39564,1.00000
48,370,104.21234,2.70299,0,2.10533,1.43553,2.55859,5.03299,10.69444,1.00000
48,371,105.21535,2.72819,0,2.64115,1.44139,2.56774,5.04332,10.69864,1.00000
48,372,106.17293,3.60927,0,1.89488,1.48434,2.73271,5.57025,12.29103,1.00000
48,373,107.45592,5.94301,0,2.37173,1.37415,2.36661,4.50809,9.30808,1.00000
48,374,108.98895,6.61301,0,1.52662,1.48807,2.76311,5.66690,12.52792,1.00000
48,375,109.58221,5.62136,0,1.66813,1.40987,2.46181,4.72302,9.74854,1.00000
48,376,109.51054,7.72557,0,1.36421,1.41260,2.51312,4.96419,10.65383,1.00000
48,377,109.10537,7.52361,0,0.96145,1.39814,2.49860,4.99070,10.88443,0.50000
49,377,79.29142,63.95156,0,1.71020,1.65315,3.34282,7.39026,17.40868,0.50000
49,378,78.20961,64.88745,0,1.30918,1.52956,2.90261,6.07832,13.71353,1.00000
49,379,79.41203,66.57256,0,0.69654,1.35626,2.36284,4.62443,9.95043,0.37142
49,380,82.55955,68.05600,0,0.98189,1.74237,3.66023,8.38231,20.41689,0.33333
49,381,82.26232,67.98652,0,1.34537,1.54065,2.92417,6.09503,13.60994,0.50072
49,382,82.66976,68.19271,0,1.37157,1.61929,3.19809,6.93261,16.09343,0.50000
49,383,82.45173,67.11613,0,2.27524,1.55438,2.99062,6.35114,14.51587,1.00000
49,384,83.01735,67.13274,0,1.89181,1.49590,2.81092,5.89676,13.45981,1.00000
49,385,82.94660,66.32464,0,2.48873,1.46862,2.68725,5.43367,11.85997,1.00000
49,386,83.70325,66.72814,0,1.36237,1.38194,2.39362,4.61602,9.72291,0.50000
50,380,110.25182,4.72941,0,0.81574,1.49371,2.82103,5.93210,13.52635,0.33333
50,381,111.20536,7.26415,0,1.23210,1.63384,3.26761,7.16682,16.79853,0.50072
50,382,112.02642,6.60637,0,1.15758,1.29893,2.18111,4.09993,8.46673,0.50000
51,386,76.93233,53.44807,0,1.64585,1.50688,2.83005,5.87003,13.12704,0.50000
51,387,77.48485,51.05902,0,2.64489,1.45289,2.63377,5.28978,11.50741,1.00000
51,388,78.56079,50.49812,0,3.84896,1.47293,2.67883,5.36685,11.58675,1.00000
51,389,79.50323,50.63492,0,6.14235,1.41933,2.49976,4.84955,10.15275,1.00000
51,390,79.06617,49.60056,0,5.54706,1.48568,2.74576,5.61870,12.43626,1.00000
51,391,78.71609,50.37598,0,3.78237,1.40774,2.46736,4.76053,9.90412,1.00000
51,392,80.98646,50.67674,0,2.17285,1.51397,2.83126,5.83508,12.94358,0.50620
51,393,80.02824,49.44607,0,4.08925,1.48110,2.71966,5.51502,12.06873,1.00000
51,394,79.06529,50.41974,0,5.40864,1.49110,2.75063,5.59596,12.26950,1.00000
51,395,77.80154,51.85384,0,5.61630,1.37964,2.36009,4.42355,8.89618,1.00000
51,396,76.79056,50.74809,0,4.44172,1.53157,2.87416,5.92991,13.14277,1.00000
51,397,76.46740,50.14787,0,4.22392,1.45226,2.60990,5.17238,11.06165,1.00000
51,398,77.58704,50.45547,0,3.74215,1.53434,2.91280,6.11914,13.87805,1.00000
51,399,79.49037,52.25591,0,3.83076,1.44877,2.60207,5.15891,11.04710,1.00000
51,400,80.13741,52.56589,0,4.40430,1.41237,2.47952,4.80860,10.09041,1.00000
51,401,79.62944,52.34169,0,3.79308,1.43563,2.56418,5.05173,10.73827,1.00000
51,402,79.69033,52.69188,0,4.51604,1.46797,2.66164,5.31528,11.43457,1.00000
51,403,79.58665,51.80961,0,5.40509,1.40224,2.44633,4.69197,9.69070,1.00000
51,404,79.51431,52.04926,0,4.31940,1.43721,2.57283,5.09732,10.93831,1.00000
51,405,79.88872,51.58976,0,5.00933,1.40799,2.45396,4.69588,9.65961,1.00000
51,406,80.15829,50.71236,0,5.41453,1.43407,2.55952,5.04081,10.72402,1.00000
51,407,81.11054,51.14273,0,3.22511,1.40305,2.47506,4.83849,10.25861,1.00000
51,408,81.08475,52.17804,0,2.07500,1.41250,2.51865,5.00095,10.82344,1.00000
51,409,81.33245,53.81071,0,2.89215,1.46475,2.67239,5.38649,11.71733,1.00000
51,410,82.42572,53.63987,0,3.18878,1.50630,2.77661,5.62022,12.21369,1.00000
51,411,83.44213,55.16839,0,3.69474,1.56027,3.00888,6.40812,14.69563,1.00000
51,412,82.48138,54.31901,0,4.30406,1.52037,2.86559,5.97620,13.46267,1.00000
51,413,81.57286,52.65030,0,4.01037,1.53035,2.87408,5.94326,13.22587,1.00000
51,414,81.23143,52.17141,0,4.19099,1.45997,2.63754,5.25879,11.32382,1.00000
51,415,79.30975,53.99215,0,4.16896,1.48097,2.72782,5.55554,12.22211,1.00000
51,416,78.48994,54.22634,0,4.39818,1.38133,2.36699,4.44516,8.95953,1.00000
51,417,78.41210,55.22615,0,3.81465,1.40221,2.44319,4.67266,9.60458,1.00000
51,418,79.17152,55.71404,0,3.66529,1.39027,2.43506,4.73970,10.04029,1.00000
51,419,79.59061,55.01935,0,3.17086,1.50285,2.81200,5.81679,12.98514,1.00000
51,420,79.86472,56.57161,0,2.14698,1.46795,2.74862,5.73606,12.98826,0.50012
51,421,81.73782,56.31020,0,2.58515,1.66336,3.36208,7.47426,17.80976,0.33347
52,420,83.21516,54.26087,0,2.00508,1.58928,3.13144,6.81956,15.97752,0.50012
52,421,82.28846,53.92517,0,2.26969,1.58734,3.12319,6.81394,16.04137,0.33347
52,422,81.94458,54.07086,0,2.28744,1.48450,2.80429,5.94114,13.73919,0.50000
53,421,75.93056,66.28392,0,1.84900,1.44017,2.62680,5.32710,11.72758,0.33333
53,422,75.85883,64.17711,0,1.85135,1.42553,2.56944,5.13933,11.14447,0.50000
53,423,76.70613,64.23711,0,2.35499,1.47307,2.68599,5.39965,11.69930,1.00000
53,424,75.66177,63.04424,0,1.41584,1.61460,3.19207,6.94940,16.23134,1.00000
53,425,78.41327,62.21803,0,2.58871,1.45964,2.69257,5.51776,12.25405,1.00000
53,426,80.08707,61.71428,0,1.87438,1.60515,3.20282,7.07445,16.82548,0.50000
53,427,81.35625,59.41458,0,1.81364,1.60701,3.18430,6.96397,16.36566,1.00000
53,428,79.29353,59.31916,0,1.87931,1.41349,2.49613,4.86454,10.23967,0.50785
54,428,84.67794,57.38740,0,2.13007,1.37016,2.35403,4.47747,9.23893,0.50785
54,429,83.36099,58.14757,0,2.94151,1.61338,3.18968,6.97294,16.42292,1.00000
54,430,81.93762,57.75980,0,4.60024,1.52875,2.90253,6.11014,13.90677,1.00000
54,431,82.42570,58.29963,0,3.70724,1.61243,3.17147,6.84402,15.81182,1.00000
54,432,82.72544,59.40239,0,5.56980,1.57652,3.03893,6.43626,14.62452,1.00000
54,433,82.73302,59.48067,0,4.90685,1.63896,3.24503,7.01991,16.20169,1.00000
54,434,81.41733,60.81293,0,2.82425,1.50639,2.79252,5.70643,12.55864,1.00000
54,435,81.62663,59.33461,0,1.70448,1.45675,2.68874,5.51089,12.22057,0.50000
54,436,81.62413,59.21038,0,2.17397,1.27346,2.07683,3.74904,7.35522,0.50001
54,437,80.68858,61.11765,0,1.38024,1.28446,2.13244,3.98732,8.25642,0.50000
55,435,86.55186,62.37858,0,2.06321,1.31368,2.15273,3.85587,7.39943,0.50000
55,436,86.05690,62.94093,0,1.90943,1.38720,2.46721,4.89470,10.56228,0.50001
55,437,86.66222,63.40619,0,2.25869,1.40965,2.49611,4.90803,10.49176,0.50000
55,438,86.34734,62.53713,0,2.09427,1.42635,2.54923,5.05135,10.85524,1.00000
55,439,85.63265,64.78600,0,1.90354,1.47925,2.68082,5.31738,11.29152,1.00000
55,440,84.63393,65.39062,0,1.58570,1.40941,2.48262,4.85466,10.30725,0.50001
55,441,84.67809,65.42902,0,3.40069,1.43262,2.55777,5.04124,10.73437,0.50000
55,442,84.39332,66.10316,0,3.25377,1.47199,2.67955,5.38646,11.69237,1.00000
55,443,83.66547,66.15262,0,2.95081,1.41902,2.50749,4.88629,10.27782,0.50000
55,444,84.38443,65.54964,0,2.69848,1.44791,2.57822,5.02252,10.47299,1.00000
55,445,84.62029,64.41543,0,2.95703,1.44019,2.57236,5.06770,10.78402,1.00000
55,446,83.74352,62.83254,0,4.63184,1.45133,2.61561,5.19270,11.10595,1.00000
55,447,82.98747,61.51651,0,3.42759,1.48676,2.76272,5.69330,12.70126,1.00000
55,448,82.98788,61.48285,0,3.30399,1.44679,2.59701,5.13347,10.92585,1.00000
55,449,83.20517,61.12369,0,3.44957,1.48594,2.73777,5.55785,12.14627,1.00000
55,450,82.96481,61.31214,0,3.37898,1.47503,2.70222,5.45622,11.86470,0.50000
55,451,82.48116,59.05487,0,3.24690,1.73967,3.64535,8.33919,20.30332,1.00000
55,452,81.59653,55.65781,0,4.01775,1.50364,2.80476,5.78017,12.85811,1.00000
55,453,81.82667,59.61437,0,2.63596,1.51066,2.85872,6.00728,13.67098,0.50000
55,454,81.80732,59.24693,0,2.48146,1.72495,3.61741,8.32158,20.43774,0.50059
56,440,72.19894,46.94005,0,1.94267,1.49364,2.79062,5.80170,13.08889,0.50001
56,441,73.28728,46.56574,0,2.56813,1.40179,2.43290,4.64915,9.58319,0.50000
57,454,81.65851,55.74349,0,2.84177,1.70975,3.54772,8.08186,19.67611,0.50059
57,455,81.65353,54.35159,0,3.96133,1.56043,2.96398,6.17670,13.80567,1.00000
57,456,81.64215,51.81131,0,2.79968,1.43089,2.55468,5.02532,10.65447,0.53476
57,457,81.40792,51.42507,0,2.50841,1.42076,2.49398,4.80126,9.92262,0.50026
57,458,80.67278,50.01126,0,3.71969,1.38388,2.40043,4.59652,9.51458,1.00000
57,459,81.13766,51.07622,0,2.80498,1.41344,2.54041,5.11180,11.25198,0.50007
57,460,81.27603,53.64025,0,2.21418,1.58754,3.14320,6.91504,16.44012,1.00000
57,461,81.24857,55.03708,0,2.69907,1.53195,2.91494,6.14488,13.99263,1.00000
57,462,81.81520,55.08763,0,3.14227,1.40872,2.48911,4.87848,10.37651,1.00000
57,463,82.14229,55.57865,0,2.43257,1.45092,2.63606,5.29905,11.51564,1.00000
57,464,82.03429,56.85979,0,3.51183,1.50641,2.86034,6.04247,13.83076,1.00000
57,465,81.46729,55.91104,0,3.71362,1.42835,2.56360,5.11258,11.08330,1.00000
57,466,81.38118,54.15487,0,2.37195,1.46631,2.67263,5.38568,11.73575,0.50045
58,466,82.05435,60.34399,0,2.01500,1.49753,2.78526,5.72604,12.71125,0.50045
58,467,82.45804,59.78756,0,2.60820,1.54326,2.95033,6.23909,14.23719,0.50000
59,467,74.03445,51.40117,0,2.23685,1.34295,2.25194,4.15061,8.24815,0.50000
59,468,73.70698,51.12053,0,2.04865,1.33396,2.22626,4.08836,8.09884,0.50000
60,468,79.91893,52.77898,0,2.88106,1.45433,2.63473,5.29170,11.51713,0.50000
60,469,80.49493,52.66057,0,2.83918,1.39464,2.40479,4.53809,9.18149,1.00000
60,470,74.85959,51.09291,0,1.99981,1.42776,2.57330,5.19323,11.45984,0.50000
60,471,75.85459,51.70201,0,1.94192,1.39030,2.42712,4.70329,9.91776,0.50000
60,472,75.73733,53.16174,0,2.37368,1.38696,2.39077,4.54122,9.31253,1.00000
60,473,76.36124,53.46859,0,3.20203,1.46375,2.67898,5.45653,12.08857,1.00000
60,474,77.81050,52.22766,0,2.50378,1.48450,2.76265,5.72351,12.87407,1.00000
60,475,77.51015,52.41943,0,2.26444,1.54161,2.92300,6.10921,13.73303,0.50000
60,476,80.57386,50.47016,0,3.47799,1.65837,3.34766,7.41848,17.57340,0.50000
60,477,79.43104,52.22132,0,4.14790,1.57437,3.05402,6.55841,15.19951,1.00000
60,478,79.52226,52.40611,0,2.36817,1.56455,3.07280,6.74697,16.09627,0.50001
61,470,80.47151,59.85934,0,2.78755,1.60753,3.16588,6.87018,16.01427,0.50000
61,471,82.39056,59.20888,0,2.34111,1.54457,2.99036,6.43606,14.98956,0.50000
62,475,82.44498,56.75524,0,1.96987,1.33496,2.21336,4.01810,7.83089,0.50000
62,476,84.62922,57.51498,0,2.88711,1.36957,2.34081,4.41644,9.02064,0.50000
63,478,83.91662,56.08269,0,2.10320,1.44860,2.68194,5.54810,12.48491,0.50001
63,479,83.78119,56.11139,0,2.46991,1.39670,2.45959,4.82655,10.33461,1.00000
63,480,83.75821,55.55315,0,3.08447,1.47249,2.68654,5.40310,11.70848,1.00000
63,481,84.62302,55.92280,0,2.97306,1.48489,2.75438,5.66954,12.64090,1.00000
63,482,85.64920,57.56788,0,2.83915,1.52610,2.85660,5.87730,12.98729,1.00000
63,483,86.67072,58.44326,0,3.32268,1.46985,2.65539,5.26668,11.21748,1.00000
63,484,86.94260,58.24792,0,4.03481,1.44631,2.61289,5.23106,11.35346,1.00000
63,485,87.50947,58.44333,0,2.43773,1.47925,2.72795,5.55923,12.23598,0.50000
64,485,72.89629,51.02768,0,1.87645,1.51907,2.91060,6.21689,14.40314,0.50000
64,486,73.60480,50.84704,0,2.28397,1.48814,2.75317,5.62266,12.38683,1.00000
64,487,73.73029,51.00069,0,1.58187,1.50092,2.81203,5.83009,13.04434,0.50000
64,488,73.59052,52.36476,0,1.86679,1.45724,2.65181,5.34663,11.67973,0.66710
64,489,72.12834,50.53921,0,1.69772,1.50144,2.84218,5.98021,13.63546,0.50000
64,490,72.32669,49.65774,0,1.50243,1.39907,2.44710,4.74029,9.96443,0.50000
64,491,70.67854,49.88499,0,1.95448,1.48267,2.75203,5.67724,12.70611,0.50870
65,488,87.26754,58.10078,0,1.71874,1.45454,2.65122,5.35475,11.71081,0.66710
65,489,84.84916,60.70027,0,2.00122,1.68206,3.44182,7.70113,18.36782,0.50000
65,490,85.40874,61.92739,0,2.09911,1.53655,2.97124,6.40318,14.96250,0.50000
65,491,84.88522,60.76275,0,1.81689,1.53914,3.00122,6.53779,15.44526,0.50870
65,492,84.31306,66.00014,0,1.46685,1.60502,3.16149,6.85894,15.97401,1.00000
65,493,80.72241,66.81280,0,3.15354,1.51439,2.83923,5.87495,13.10328,1.00000
65,494,79.38295,65.53995,0,3.09320,1.44136,2.55237,4.94664,10.27037,1.00000
65,495,79.53884,63.34723,0,3.36316,1.41223,2.49504,4.88044,10.35190,1.00000
65,496,79.92047,63.90557,0,3.05906,1.43854,2.58704,5.15565,11.14053,0.50156
65,497,80.14975,63.39026,0,2.24242,1.41635,2.50162,4.88575,10.33339,0.50050
66,496,69.40955,49.32663,0,2.72242,1.45392,2.63281,5.26093,11.34131,0.50156
66,497,67.80739,51.41528,0,2.44360,1.50643,2.81395,5.81262,12.96492,0.50050
66,498,67.54856,51.52391,0,3.10283,1.36866,2.33423,4.37579,8.84166,1.00000
66,499,67.75030,51.36648,0,3.53425,1.46923,2.65851,5.29369,11.34837,1.00000
66,500,67.44395,50.59183,0,3.04082,1.50304,2.80355,5.77050,12.80279,0.50000
67,500,80.00883,62.84689,0,2.15846,1.42808,2.56127,5.07975,10.89107,0.50000
67,501,80.14621,61.80354,0,1.82018,1.49057,2.75945,5.65348,12.52557,1.00000
67,502,79.67109,60.51236,0,1.87654,1.44872,2.57617,5.02776,10.54446,1.00000
68,503,66.90677,50.74894,0,2.37268,1.54599,2.94397,6.17070,13.89652,1.00000
68,504,66.81561,52.11958,0,2.83867,1.43730,2.57792,5.10533,10.91346,1.00000
69,505,85.57246,60.26768,0,1.17958,1.52852,2.92759,6.22883,14.32425,1.00000
69,506,86.69160,61.17905,0,0.88679,1.50258,2.81803,5.87234,13.25407,0.52432
69,507,87.03555,59.91516,0,1.84168,1.45611,2.68269,5.51691,12.35626,1.00000
69,508,84.29121,59.67498,0,1.48121,1.62208,3.20974,6.99642,16.39200,0.53958
70,508,68.12457,50.54261,0,1.44609,1.56355,2.98727,6.28867,14.24326,0.53958
70,509,66.59332,50.76965,0,3.37569,1.37870,2.36172,4.45586,9.07868,1.00000
70,510,66.24199,52.27390,0,3.77475,1.42382,2.52661,4.94285,10.43379,1.00000
70,511,68.50780,54.37506,0,2.83106,1.38582,2.40005,4.60162,9.58023,1.00000
70,512,68.82531,53.59665,0,3.32271,1.45434,2.64067,5.31964,11.62757,1.00000
70,513,69.49687,54.16034,0,2.41546,1.47007,2.73179,5.66334,12.77936,0.50000
71,513,80.15987,64.12945,0,1.92309,1.52807,2.88651,6.02086,13.53545,0.50000
71,514,81.32536,64.02342,0,1.80097,1.54578,2.91947,6.06549,13.53270,1.00000
71,515,80.11728,65.36459,0,1.62582,1.44905,2.65736,5.47040,12.32848,0.50000
71,516,79.68075,66.88116,0,2.60357,1.45812,2.66692,5.41534,11.92888,1.00000
71,517,79.90321,66.43855,0,2.50632,1.54421,2.93378,6.14117,13.82634,0.64060
72,517,66.53616,56.49143,0,2.46042,1.49437,2.78125,5.74457,12.86314,0.64060
72,518,66.56981,56.31314,0,3.70879,1.44553,2.58807,5.10580,10.86055,1.00000
72,519,66.39450,55.61039,0,3.42043,1.55315,2.97576,6.29330,14.33428,0.50000
72,520,65.40617,57.43026,0,4.38239,1.38801,2.40231,4.57568,9.39642,1.00000
72,521,65.26263,57.66441,0,3.91963,1.46006,2.64670,5.29849,11.46096,1.00000
72,522,65.54165,58.63135,0,4.02994,1.39849,2.42436,4.61470,9.45306,1.00000
72,523,65.16897,58.33991,0,2.97289,1.38443,2.39151,4.56558,9.44272,1.00000
73,524,82.14545,63.86062,0,2.59676,1.42895,2.55185,5.02542,10.66914,1.00000
73,525,81.47732,64.50485,0,1.77612,1.46238,2.64559,5.25298,11.19646,0.50023
73,526,82.24940,64.16128,0,2.07367,1.51968,2.85385,5.92025,13.23769,1.00000
73,527,80.74400,62.68983,0,1.54741,1.57032,3.07667,6.67868,15.62874,1.00000
73,528,81.93114,61.04069,0,1.67672,1.55328,3.01577,6.51507,15.23202,0.50065
73,529,81.78216,59.93306,0,1.35010,1.48929,2.79259,5.82902,13.20650,0.54496
74,528,75.71647,47.90780,0,1.61131,1.45857,2.65699,5.34963,11.63705,0.50065
74,529,75.84881,47.73304,0,1.55232,1.47602,2.70723,5.48087,11.97270,0.54496
74,530,74.60763,47.98362,0,2.50598,1.41824,2.52557,4.98248,10.64972,0.56110
74,531,74.83099,46.81814,0,2.69640,1.41359,2.48221,4.80964,10.07097,1.00000
74,532,75.14100,47.07264,0,2.47682,1.48669,2.75943,5.67925,12.65093,0.50000
74,533,75.71177,47.19540,0,1.91125,1.39901,2.44402,4.71602,9.85034,0.51451
74,534,75.41847,47.26125,0,2.28899,1.48912,2.74212,5.57973,12.26261,0.50000
74,535,74.30810,47.30994,0,2.45771,1.45210,2.62854,5.26839,11.44499,1.00000
74,536,74.28735,46.66428,0,2.60713,1.52173,2.83682,5.82542,12.88259,1.00000
74,537,73.65988,48.02229,0,2.37487,1.50872,2.82284,5.83858,13.03068,1.00000
74,538,74.24901,48.05389,0,2.28843,1.52019,2.89547,6.12064,13.98744,1.00000
74,539,72.67211,46.43761,0,2.65422,1.46025,2.64978,5.31045,11.49966,1.00000
74,540,72.99590,48.50957,0,2.23957,1.42974,2.56800,5.13199,11.16114,1.00000
74,541,73.60497,46.82416,0,2.30440,1.50181,2.79102,5.73357,12.71997,1.00000
74,542,72.84283,46.48079,0,2.58912,1.50643,2.80195,5.74964,12.72166,1.00000
74,543,72.52872,46.55394,0,2.33212,1.37675,2.36276,4.46835,9.13047,0.50310
74,544,72.54091,46.75177,0,1.91436,1.49485,2.83137,6.00045,13.84849,0.50001
74,545,72.85200,46.70954,0,1.50750,1.37159,2.37535,4.55193,9.45712,0.50000
74,546,74.38615,46.46762,0,1.18600,1.40403,2.50748,4.99865,10.88107,0.50000
75,532,67.59922,58.45877,0,1.81359,1.37367,2.35089,4.42069,8.94837,0.50000
75,533,69.04517,59.59682,0,1.95303,1.41415,2.54623,5.13445,11.32483,0.51457
75,534,69.58678,60.04416,0,1.80165,1.47350,2.73264,5.63921,12.63953,0.50000
76,543,77.57755,65.27413,0,2.46741,1.46089,2.65147,5.31452,11.50045,0.50310
76,544,78.36149,65.54918,0,1.99639,1.37848,2.37974,4.52307,9.27728,0.50001
76,545,73.42740,66.74828,0,1.15098,1.44588,2.70361,5.71352,13.25987,0.50000
76,546,75.26131,67.20693,0,1.65853,1.64342,3.31317,7.37511,17.64132,0.50000
76,547,74.41578,63.71716,0,1.45292,1.54205,2.96353,6.32696,14.61495,1.00000
76,548,74.67192,63.05386,0,1.31335,1.40908,2.46531,4.73930,9.79864,1.00000
76,549,75.24818,62.45840,0,1.25950,1.27921,2.07902,3.73066,7.26486,1.00000
76,550,74.81200,63.28488,0,1.34727,1.43037,2.57875,5.17370,11.28961,1.00000
77,552,76.37434,64.74722,0,2.24229,1.57502,3.06322,6.57836,15.20198,1.00000
77,553,77.42421,64.99583,0,2.98058,1.54872,2.95809,6.23581,14.15462,1.00000
77,554,77.42473,65.62242,0,3.69111,1.47964,2.68016,5.31569,11.29745,1.00000
77,555,78.40977,66.13830,0,4.53064,1.44778,2.60604,5.18232,11.13055,1.00000
77,556,78.44852,66.91282,0,2.73323,1.66228,3.34948,7.38337,17.36848,0.50000
77,557,77.33231,68.95773,0,2.19502,1.54316,2.92207,6.08454,13.60466,0.50003
78,556,71.30335,54.40040,0,1.90858,1.42166,2.49506,4.81519,10.01066,0.50000
78,557,71.64321,55.22284,0,2.09555,1.41674,2.49151,4.81705,10.02177,0.50003
78,558,71.73722,53.71907,0,2.19082,1.52606,2.87975,6.01118,13.55225,1.00000
78,559,72.65417,52.40202,0,2.33898,1.50701,2.82913,5.86891,13.12981,1.00000
78,560,72.72058,55.18907,0,1.95437,1.45307,2.61833,5.21760,11.24437,1.00000
78,561,73.86465,55.24018,0,1.71968,1.43942,2.59752,5.19523,11.24413,0.50033
79,561,78.50848,67.28506,0,1.40577,1.37651,2.37875,4.54541,9.41456,0.50033
79,562,80.08569,69.38622,0,3.12796,1.53966,2.93403,6.17798,14.02209,1.00000
79,563,80.25729,67.64408,0,1.78583,1.56259,2.99139,6.29316,14.20603,0.50000
80,563,74.36929,54.52069,0,1.98257,1.43068,2.52819,4.91686,10.30841,0.50000
80,564,74.72283,52.50971,0,2.57050,1.40010,2.45374,4.75155,9.95717,1.00000
80,565,73.07217,52.74378,0,1.87120,1.57575,3.05798,6.55480,15.12986,0.50019
80,566,69.70079,54.03228,0,2.33612,1.39540,2.43104,4.67718,9.73480,1.00000
80,567,71.27287,53.07096,0,2.28040,1.43701,2.56819,5.05556,10.71730,1.00000
80,568,71.08111,52.96523,0,2.30313,1.47572,2.71665,5.53702,12.20057,1.00000
81,569,77.37375,68.63972,0,2.81231,1.48674,2.72915,5.52606,12.06687,1.00000
81,570,77.33131,67.76755,0,3.21807,1.52544,2.86261,5.92216,13.19142,0.50000
81,571,76.22863,67.56368,0,2.15294,1.51155,2.81173,5.76554,12.74054,0.50241
81,572,76.96218,68.16108,0,2.26393,1.50771,2.83556,5.92463,13.40373,0.50001
82,570,69.88129,54.24671,0,2.24758,1.43956,2.58905,5.15700,11.12832,0.50000
82,571,69.43367,54.38440,0,1.82686,1.50117,2.79175,5.73460,12.71411,0.50241
82,572,68.21931,52.17045,0,2.68673,1.56277,3.01101,6.40836,14.69347,0.50001
82,573,67.51676,52.59190,0,3.09978,1.49425,2.76892,5.67727,12.58327,1.00000
83,574,77.87183,67.62831,0,3.16094,1.50934,2.82581,5.84877,13.06975,1.00000
83,575,77.60691,67.15375,0,2.81266,1.39614,2.45369,4.78215,10.11469,1.00000
83,576,79.03683,67.33074,0,2.71820,1.46985,2.68931,5.43611,11.86254,1.00000
83,577,80.42311,67.64114,0,2.08764,1.50890,2.80608,5.74492,12.65081,1.00000
83,578,81.35178,68.35099,0,1.84720,1.47123,2.65834,5.27491,11.24436,1.00000
83,579,82.60806,66.53324,0,1.02068,1.72323,3.58855,8.15773,19.73797,0.50000
83,580,82.77895,66.83025,0,1.27349,1.50739,2.78509,5.67112,12.45286,1.00000
83,581,84.15605,64.89582,0,2.15830,1.48124,2.72759,5.55348,12.21946,1.00000
83,582,84.11170,65.62848,0,1.71585,1.48788,2.75533,5.63791,12.45246,0.57705
83,583,83.78696,65.25663,0,2.30778,1.50770,2.78770,5.65215,12.28519,1.00000
83,584,83.80486,66.78419,0,1.75832,1.34667,2.26863,4.20250,8.39433,0.50001
84,584,71.34789,51.13448,0,2.02442,1.45663,2.64067,5.29792,11.50142,0.50001
84,585,71.08318,51.29108,0,1.92201,1.50667,2.83359,5.91992,13.39940,1.00000
84,586,71.71919,50.58488,0,1.59601,1.47765,2.72310,5.57126,12.36676,1.00000
84,587,70.29515,51.24766,0,2.46849,1.46561,2.67538,5.40254,11.79778,1.00000
84,588,72.14825,51.35910,0,1.54280,1.47319,2.70669,5.51739,12.18854,1.00000
84,589,71.86272,50.31868,0,1.84576,1.43491,2.59710,5.22875,11.44510,1.00000
84,590,71.16450,51.17830,0,1.32714,1.43519,2.60847,5.28317,11.64208,1.00000
84,591,71.93472,50.58335,0,1.38640,1.53541,2.92871,6.16499,13.95775,1.00000
84,592,70.08820,50.68406,0,1.92293,1.66039,3.32765,7.30204,17.12756,1.00000
84,593,68.69208,51.23441,0,1.81795,1.57048,3.02928,6.42923,14.65019,1.00000
84,594,69.31942,51.57663,0,1.85439,1.60174,3.13696,6.76292,15.65060,1.00000
84,595,70.76641,50.88026,0,1.14200,1.59800,3.17564,6.98834,16.55738,0.50000
84,596,70.13827,52.28577,0,1.92012,1.54743,2.96926,6.29806,14.39204,0.54179
85,595,80.55186,68.48510,0,0.76473,1.41697,2.58787,5.32732,12.03302,0.50000
85,596,83.52460,65.85736,0,1.92587,1.49340,2.74653,5.55994,12.12292,0.54179
85,597,81.68950,67.08876,0,2.37292,1.49403,2.75816,5.60952,12.27903,1.00000
85,598,81.53538,67.30733,0,3.08767,1.46682,2.66001,5.30291,11.36586,1.00000
85,599,82.08447,67.33836,0,2.69821,1.40753,2.48025,4.83033,10.17768,1.00000
85,600,81.58584,66.20881,0,2.09415,1.45890,2.64993,5.31124,11.48643,0.50000
86,600,70.87894,50.46710,0,2.12511,1.63594,3.28341,7.25626,17.19312,0.50000
86,601,72.58130,51.17617,0,1.99740,1.41783,2.52083,4.96852,10.62991,1.00000
86,602,71.48295,50.15631,0,2.00560,1.46721,2.67833,5.40096,11.75540,0.50090
87,602,80.27219,68.19625,0,1.65041,1.46103,2.66123,5.35186,11.61226,0.50090
87,603,80.65588,68.54285,0,2.83960,1.44896,2.59591,5.12187,10.89316,1.00000
87,604,80.46199,68.79186,0,2.71020,1.40145,2.46568,4.80112,10.13237,1.00000
87,605,81.00541,68.96075,0,0.79139,1.66477,3.48795,8.06761,19.97045,0.37193
88,605,75.22226,50.79417,0,0.90188,1.67083,3.44155,7.79910,18.91975,0.37193
88,606,74.81568,52.56985,0,2.73806,1.50408,2.76887,5.60116,12.17543,1.00000
89,608,75.67147,53.33396,0,0.86229,1.45636,2.68551,5.52591,12.38124,0.50000
89,609,78.37256,53.15511,0,1.27070,1.58090,3.07720,6.58117,15.09139,0.50000
90,608,85.29108,63.80534,0,0.62477,1.30402,2.19701,4.12318,8.43543,0.50000
90,609,82.22237,68.27025,0,0.73233,1.28215,2.16288,4.16759,8.99284,0.50000
90,610,79.78962,68.78825,0,1.23717,1.34284,2.29989,4.42795,9.39582,1.00000
90,611,78.85529,69.69081,0,1.99877,1.51442,2.86126,5.98395,13.50883,1.00000
90,612,78.77657,69.52293,0,1.61174,1.57289,3.02619,6.38695,14.44000,0.50000
90,613,76.46709,69.82072,0,1.63879,1.58403,3.11519,6.78207,15.90874,0.50000
90,614,77.09652,68.34233,0,1.81439,1.61414,3.20147,6.97888,16.30245,1.00000
90,615,77.45469,67.42542,0,1.64461,1.52668,2.86347,5.91860,13.17095,1.00000
90,616,77.54414,67.29425,0,1.42923,1.37564,2.36441,4.48729,9.22498,1.00000
90,617,81.03284,63.91594,0,0.51252,1.41832,2.75342,6.12119,14.96020,0.25000
90,618,79.47607,59.60112,0,0.76773,1.57707,3.07364,6.59754,15.18863,0.55020
91,612,82.62331,60.62892,0,1.03303,1.35090,2.30939,4.36379,8.92613,0.50000
91,613,82.85550,59.85333,0,0.98052,1.31544,2.18038,3.99057,7.92191,0.50000
92,621,79.93170,59.30376,0,0.68183,1.74615,3.73359,8.72316,21.66908,0.25000
92,622,75.34718,57.06990,0,0.62255,1.53914,3.06439,6.89048,16.89393,0.50000
92,623,77.93726,61.41309,0,0.55499,1.32633,2.27240,4.35686,9.14453,0.50000
92,624,79.26732,59.29125,0,0.50212,1.45458,2.77654,5.92432,13.70526,0.53288
92,625,79.36889,59.63866,0,0.60585,1.46467,2.71620,5.60763,12.56314,0.44682
92,626,76.05234,59.28484,0,0.56956,1.25596,1.99328,3.50970,6.76613,0.80594
93,623,69.82666,58.88287,0,1.00902,1.49496,2.78067,5.70832,12.61647,0.50000
93,624,70.37505,58.78531,0,0.60787,1.52830,2.87558,6.01956,13.67136,0.50514
94,627,71.43391,64.35729,0,1.36067,1.76135,3.69722,8.43724,20.44041,0.50000
94,628,71.17235,62.89885,0,1.55972,1.48429,2.77104,5.78625,13.18027,0.50000
94,629,72.01497,64.00705,0,1.57267,1.62786,3.29515,7.36849,17.69152,1.00000
94,630,69.10581,61.49561,0,0.69176,1.41015,2.47053,4.85209,10.47152,0.50000
95,630,75.87511,61.67934,0,0.79175,1.53109,2.96168,6.39017,14.95638,0.50000
95,631,74.40240,64.26506,0,0.99675,1.47411,2.73553,5.65863,12.72447,1.00000
96,632,67.37455,59.15847,0,0.73907,1.55136,3.08328,6.79936,16.12022,0.33333
96,633,67.34100,57.63852,0,0.72120,1.42011,2.56755,5.20546,11.55178,0.50334
96,634,67.78504,61.08560,0,1.00436,1.72913,3.66101,8.46612,20.80821,0.50000
96,635,71.32730,62.95578,0,1.34640,1.66487,3.40287,7.65144,18.41128,1.00000
96,636,70.37141,61.74198,0,0.68819,1.53866,2.96581,6.38070,14.89555,0.28771
96,637,73.71970,59.98386,0,1.05102,1.52715,2.89840,6.10579,13.90818,1.00000
96,638,72.07188,58.77885,0,0.60406,1.60055,3.26895,7.41744,18.09628,0.33333
97,639,73.92420,67.44286,0,1.15334,1.56668,3.05952,6.62736,15.51075,1.00000
97,640,73.16445,68.24639,0,1.22214,1.48259,2.75479,5.67613,12.66060,1.00000
97,641,71.98425,67.09359,0,1.10356,1.39166,2.51279,5.13791,11.57769,0.50016
97,642,72.70203,68.43620,0,0.71552,1.27518,2.15126,4.09960,8.64589,0.50005
97,643,74.69518,68.75265,0,2.24245,1.43248,2.53574,4.93223,10.32079,1.00000
97,644,75.15734,67.32996,0,2.83455,1.43696,2.57194,5.06860,10.75441,1.00000
97,645,76.42472,68.88321,0,3.05384,1.50650,2.80089,5.75511,12.77780,1.00000
97,646,75.43928,69.74614,0,2.19911,1.44528,2.62143,5.28604,11.57945,1.00000
97,647,74.20637,69.01882,0,0.96444,1.42305,2.57280,5.15838,11.19450,1.00000
98,641,70.76569,62.56190,0,0.76941,1.35099,2.28950,4.32329,8.92299,0.50016
98,642,69.05985,63.59142,0,1.11812,1.34560,2.30656,4.40981,9.20015,0.50005
99,649,74.78334,69.30848,0,1.47893,1.45617,2.66183,5.42979,12.07491,1.00000
99,650,75.54110,68.91921,0,1.62809,1.40330,2.47489,4.86132,10.41972,1.00000
99,651,77.44787,66.86530,0,1.04660,1.62140,3.26100,7.25125,17.32848,1.00000
99,652,74.41185,65.43639,0,1.61755,1.65191,3.32794,7.35478,17.37664,1.00000
99,653,78.47250,63.75597,0,1.38963,1.51608,2.89363,6.16266,14.25420,0.50004
99,654,79.17239,63.31276,0,2.11295,1.50877,2.84441,5.94585,13.44194,1.00000
99,655,79.53663,62.90315,0,1.97262,1.60523,3.17459,6.92097,16.20398,0.50000
99,656,78.54364,63.56796,0,1.89278,1.61074,3.16979,6.85778,15.91080,1.00000
99,657,77.74228,63.92885,0,2.33540,1.49403,2.80110,5.83787,13.19410,1.00000
99,658,77.39904,63.21461,0,1.91066,1.52625,2.87683,5.99098,13.45565,1.00000
99,659,73.73254,63.63735,0,1.08722,1.36801,2.40796,4.73316,10.14999,0.50000
99,660,73.68476,65.36200,0,0.97445,1.24322,1.96758,3.43558,6.52080,0.50000
100,659,67.25710,62.08985,0,1.34612,1.74619,3.71046,8.60414,21.20122,0.50000
100,660,67.70343,62.36338,0,1.38993,1.65356,3.35392,7.47742,17.84399,0.50000
100,661,66.74654,62.32664,0,1.56250,1.53686,2.94127,6.24086,14.31130,1.00000
100,662,66.82260,61.12471,0,2.11674,1.47935,2.76007,5.72993,12.90000,1.00000
100,663,65.55121,60.71901,0,2.55105,1.49476,2.77623,5.71220,12.70896,1.00000
100,664,66.16549,59.44735,0,3.52339,1.40940,2.46844,4.76297,9.91853,1.00000
100,665,66.34122,58.63596,0,2.14414,1.51552,2.82809,5.83851,13.02882,1.00000
100,666,67.85640,56.67721,0,2.30731,1.39536,2.44761,4.75284,10.00231,1.00000
100,667,68.36912,55.48452,0,2.63634,1.50654,2.82604,5.88137,13.25326,1.00000
100,668,69.45759,55.28946,0,2.30244,1.58599,3.07756,6.56902,15.05177,1.00000
100,669,70.25269,55.30529,0,1.85583,1.63362,3.28987,7.31137,17.44912,1.00000
100,670,70.23347,54.09983,0,2.13299,1.50655,2.84669,5.98894,13.67464,1.00000
100,671,67.61445,54.29144,0,2.31054,1.53869,2.90235,6.02343,13.43580,1.00000
100,672,68.12091,55.25507,0,2.45493,1.44995,2.62907,5.28226,11.49168,1.00000
100,673,69.74329,54.59833,0,1.54802,1.51303,2.86108,5.98311,13.49668,1.00000
100,674,71.17664,53.13252,0,2.29968,1.43044,2.60868,5.31309,11.79367,1.00000
100,675,71.30933,54.12388,0,2.37083,1.47735,2.72144,5.56097,12.31465,1.00000
100,676,72.27881,52.33200,0,2.06035,1.40451,2.46961,4.81305,10.17847,0.50009
100,677,73.91246,52.19794,0,1.75702,1.41582,2.52839,5.02486,10.86592,0.50000
101,676,79.22525,69.88266,0,1.85157,1.50554,2.82708,5.88983,13.28899,0.50010
101,677,79.02066,68.07983,0,2.75330,1.46569,2.69101,5.47864,12.07621,0.50000
101,678,79.16724,68.30430,0,3.79163,1.37948,2.36748,4.46832,9.08795,1.00000
102,679,74.64011,53.34690,0,2.66618,1.47267,2.68854,5.42473,11.82703,1.00000
102,680,75.75961,50.83373,0,2.69568,1.50405,2.80561,5.78433,12.87595,0.60330
102,681,76.24635,50.24319,0,2.83257,1.46407,2.66607,5.38188,11.77397,1.00000
102,682,77.47029,50.34177,0,3.35514,1.50352,2.79491,5.74252,12.74070,1.00000
102,683,77.50430,48.05819,0,2.04993,1.53237,2.90421,6.07642,13.69803,0.50390
103,683,76.26069,66.67941,0,1.89609,1.44150,2.63324,5.36872,11.93641,0.50390
103,684,79.26972,67.50560,0,2.50699,1.47153,2.68216,5.40328,11.76426,1.00000
104,685,77.32410,46.83138,0,1.93179,1.45494,2.65861,5.39108,11.84447,1.00000
104,686,75.61699,47.67365,0,2.91489,1.46389,2.63834,5.22604,11.13747,1.00000
104,687,75.53572,47.79107,0,3.04996,1.50735,2.78633,5.65465,12.32663,1.00000
104,688,75.85143,48.76294,0,2.61779,1.47256,2.66837,5.30744,11.33469,0.50000
104,689,76.81694,49.29475,0,3.08744,1.38681,2.41515,4.65030,9.69406,1.00000
104,690,76.93865,50.06128,0,3.93025,1.42372,2.54387,5.04202,10.83934,1.00000
104,691,77.90347,49.42035,0,3.94216,1.42995,2.53299,4.93646,10.36474,1.00000
104,692,77.68629,50.15448,0,3.78295,1.51343,2.81780,5.78269,12.78562,1.00000
104,693,78.13879,51.24537,0,3.46955,1.42564,2.52768,4.94554,10.44615,1.00000
105,694,69.06811,62.47197,0,1.81066,1.63095,3.26258,7.19155,17.01906,0.50000
105,695,67.47278,61.08192,0,2.52230,1.44104,2.58635,5.13331,11.01844,1.00000
105,696,67.81495,61.37637,0,3.43900,1.44478,2.59574,5.15483,11.07517,1.00000
105,697,66.55732,60.66157,0,2.91345,1.50304,2.78408,5.67486,12.44551,1.00000
106,698,81.20522,67.35493,0,1.86327,1.50067,2.79840,5.77966,12.90486,1.00000
106,699,79.88514,67.14759,0,3.49149,1.50713,2.80872,5.77665,12.80662,1.00000
106,700,80.24529,68.34227,0,3.51800,1.41217,2.46173,4.70522,9.65529,1.00000
106,701,77.40264,69.48637,0,3.04492,1.46134,2.65905,5.34459,11.60919,1.00000
106,702,74.38066,68.69543,0,1.30776,1.58302,3.09505,6.68018,15.49414,1.00000
106,703,76.38474,68.61021,0,1.21618,1.37929,2.45189,4.91850,10.87128,0.50001
107,703,69.60946,63.86550,0,0.99830,1.50661,2.87820,6.10226,13.98230,0.50001
107,704,67.64312,63.70371,0,0.82706,1.62201,3.31623,7.54063,18.50038,1.00000
107,705,68.29391,62.35585,0,1.54744,1.40754,2.49572,4.92387,10.57786,1.00000
107,706,66.77896,59.75530,0,3.87133,1.54333,2.92641,6.10552,13.69106,1.00000
107,707,66.59810,59.20605,0,4.21552,1.51200,2.82655,5.82930,12.95147,1.00000
107,708,67.10818,58.41523,0,4.00968,1.42861,2.54202,5.00872,10.69855,1.00000
107,709,67.45004,58.06649,0,2.87167,1.46278,2.68125,5.45221,12.00811,1.00000
107,710,66.48943,56.05787,0,3.33465,1.43564,2.56805,5.07837,10.85917,0.50032
107,711,67.57113,56.69554,0,2.39162,1.50804,2.80375,5.74928,12.70439,0.50000
108,710,76.14993,69.62218,0,3.04615,1.35817,2.31486,4.36036,8.90233,0.50032
108,711,77.57236,69.62899,0,2.80342,1.42555,2.52804,4.94142,10.41908,0.50000
108,712,77.64754,69.68244,0,1.89457,1.40354,2.45202,4.72382,9.82707,1.00000
108,713,77.45197,70.09927,0,1.95542,1.46825,2.69225,5.46155,11.97657,1.00000
109,714,67.55819,57.11663,0,2.37688,1.57259,3.03689,6.47097,14.83982,1.00000
109,715,67.20632,57.70504,0,1.78560,1.53077,2.88455,5.98326,13.34450,1.00000
109,716,67.64822,57.73955,0,3.49806,1.45141,2.58327,5.02358,10.44612,1.00000
109,717,69.57992,56.26850,0,2.55547,1.52657,2.88498,6.02047,13.54608,1.00000
109,718,69.17796,55.06745,0,2.48820,1.47470,2.70608,5.49677,12.07830,1.00000
109,719,68.57423,55.97418,0,2.84967,1.44205,2.59988,5.19425,11.24471,1.00000
109,720,67.59731,56.46793,0,2.14613,1.47017,2.66174,5.28663,11.26916,1.00000
109,721,67.76900,56.37789,0,3.62248,1.43220,2.55102,5.01453,10.64936,1.00000
109,722,67.16342,55.57799,0,4.38419,1.42912,2.53050,4.94009,10.41645,1.00000
109,723,67.92736,55.56643,0,3.74191,1.41578,2.50346,4.89538,10.36448,1.00000
109,724,66.17492,55.24140,0,3.93478,1.45613,2.62708,5.22507,11.20506,1.00000
109,725,65.70968,55.95285,0,4.63042,1.37252,2.34677,4.40397,8.88361,1.00000
109,726,64.06088,56.15969,0,1.26615,1.59662,3.13231,6.76070,15.65673,1.00000
109,727,65.24205,57.44670,0,1.22040,1.42563,2.58389,5.22423,11.49383,1.00000
109,728,64.49185,58.40457,0,1.72377,1.55385,2.97355,6.27639,14.25108,1.00000
109,729,64.51387,58.91085,0,1.72354,1.42948,2.55478,5.06608,10.90672,1.00000
109,730,64.35703,59.18494,0,1.32384,1.49721,2.80389,5.82164,13.07095,1.00000
109,731,64.22508,57.72964,0,1.17462,1.50523,2.79271,5.70665,12.54761,0.65799
109,732,64.73492,58.15371,0,0.57197,1.40442,2.57554,5.37529,12.40467,0.35032
109,733,65.96513,60.43750,0,1.30152,1.56268,3.03027,6.48215,14.90934,1.00000
109,734,67.46904,60.63048,0,1.04246,1.45896,2.68310,5.50184,12.27412,0.58404
109,735,67.81779,61.51270,0,0.81579,1.47978,2.80516,5.96504,13.81435,0.50000
109,736,71.18286,61.49410,0,0.90115,1.57799,3.09440,6.75155,15.95296,0.50021
109,737,69.94471,61.63062,0,0.97133,1.65980,3.38963,7.66987,18.66853,0.50672
109,738,70.85789,60.62037,0,1.01177,1.59984,3.18757,7.01262,16.57085,0.50000
109,739,70.35534,58.58879,0,1.55913,1.47666,2.69472,5.42488,11.78086,0.50000
109,740,70.95428,59.81195,0,1.59078,1.51410,2.85419,5.96813,13.49658,0.50001
109,741,70.23159,59.59959,0,1.45577,1.40447,2.46234,4.77147,10.00350,0.57988
109,742,73.28772,55.78336,0,1.16879,1.66109,3.38555,7.59681,18.25994,1.00000
109,743,71.60228,54.69129,0,1.98165,1.30477,2.13131,3.81181,7.32282,1.00000
109,744,70.01117,54.83699,0,1.82078,1.61509,3.20421,7.00424,16.44089,1.00000
109,745,69.23444,56.90013,0,2.14143,1.37113,2.34813,4.43604,9.05988,1.00000
109,746,70.49139,56.04163,0,1.63422,1.45997,2.69663,5.56563,12.51020,1.00000
109,747,71.30544,55.69450,0,1.83842,1.50556,2.77832,5.64617,12.35970,1.00000
109,748,70.62393,57.26056,0,1.72880,1.46305,2.64646,5.28112,11.37256,1.00000
109,749,71.47634,57.66912,0,1.89453,1.54309,2.93012,6.13384,13.81591,1.00000
109,750,71.82899,56.31989,0,1.84751,1.45257,2.63779,5.30578,11.55522,1.00000
109,751,70.55971,53.41269,0,1.53206,1.44765,2.61565,5.23873,11.37025,1.00000
109,752,71.09339,52.30595,0,1.74579,1.49592,2.80432,5.84191,13.19387,1.00000
109,753,71.43110,52.45312,0,1.85761,1.47787,2.71017,5.48057,11.94878,1.00000
109,754,70.42166,52.32851,0,1.49245,1.42561,2.56982,5.15345,11.23748,1.00000
109,755,71.17830,52.02810,0,1.82912,1.45981,2.65538,5.33962,11.60050,1.00000
109,756,70.98799,53.13948,0,2.49232,1.46030,2.68596,5.49505,12.19624,1.00000
109,757,70.88841,52.48674,0,2.58906,1.44384,2.61755,5.26127,11.45712,1.00000
109,758,70.59084,52.11814,0,2.36631,1.44692,2.61453,5.21749,11.23876,1.00000
109,759,70.94385,52.61270,0,1.97147,1.35319,2.31604,4.39429,9.06111,1.00000
109,760,70.68322,52.48353,0,1.60058,1.29556,2.11213,3.77390,7.24617,1.00000
109,761,69.81882,52.28885,0,0.88122,1.61725,3.23999,7.15450,16.96525,0.50469
109,762,69.92662,53.18404,0,1.41459,1.50048,2.81710,5.86518,13.20775,1.00000
109,763,68.32281,54.28104,0,1.78389,1.48171,2.73983,5.61380,12.45180,1.00000
109,764,68.47180,55.74264,0,1.68368,1.36995,2.38251,4.63579,9.89110,1.00000
109,765,68.51867,55.48112,0,1.70521,1.46659,2.72767,5.64799,12.69174,1.00000
109,766,68.59619,55.08056,0,1.88454,1.47016,2.67337,5.35376,11.54554,1.00000
109,767,68.73238,54.71579,0,1.60736,1.42746,2.57093,5.17526,11.38265,1.00000
109,768,68.50047,54.66331,0,1.53955,1.53078,2.88947,6.00589,13.42628,1.00000
109,769,68.39163,54.42985,0,0.88457,1.43303,2.59644,5.25147,11.57257,1.00000
109,770,68.85840,54.27710,0,1.50539,1.33688,2.27056,4.30156,8.92490,1.00000
109,771,68.47404,53.92204,0,1.82227,1.64689,3.30195,7.23650,16.90886,1.00000
109,772,69.14796,53.76670,0,2.24957,1.44102,2.58831,5.14281,11.05225,1.00000
109,773,68.43816,54.86430,0,1.54497,1.54044,2.95518,6.26575,14.31900,1.00000
109,774,67.21366,55.17808,0,1.13800,1.40670,2.45611,4.71146,9.71664,1.00000
109,775,68.56121,56.46544,0,1.07157,1.25699,2.01453,3.56089,6.82672,1.00000
109,776,68.67985,55.73228,0,0.63922,1.46498,2.79176,6.05002,14.42488,0.25000
109,777,69.04227,55.19022,0,0.93456,1.42869,2.56299,5.10861,11.06295,1.00000
110,731,83.14868,63.27855,0,1.06855,1.46516,2.68412,5.43072,11.84936,0.65799
110,732,85.75315,59.83437,0,0.59986,1.51372,2.95049,6.47228,15.48329,0.33362
111,736,85.84815,64.84556,0,0.83968,1.46320,2.70433,5.55472,12.37574,0.50021
111,737,85.86888,64.92369,0,0.77984,1.57960,3.16711,7.06881,17.01833,0.50672
111,738,85.77402,64.95052,0,0.87096,1.41309,2.58221,5.32388,12.05709,0.50000
111,739,86.34808,65.09122,0,1.23849,1.35170,2.31119,4.39365,9.10617,0.50000
111,740,87.14699,63.93578,0,1.25042,1.41944,2.53641,5.04789,10.92915,0.50001
111,741,85.72891,65.29369,0,1.26428,1.39837,2.46600,4.83036,10.28751,0.57988
112,779,142.91687,118.18782,0,0.21301,0.97051,1.48311,2.66232,5.54103,0.33333
112,780,142.75262,112.41370,0,0.23283,0.93660,1.20819,1.78321,3.16237,0.25222
113,780,67.12473,55.63223,0,0.43516,1.27986,2.20232,4.37751,9.79064,0.25020
113,781,68.35364,55.19676,0,1.03398,1.54723,2.94849,6.20539,14.07412,1.00000
113,782,68.23180,52.88983,0,0.75527,1.64300,3.36492,7.58008,18.27324,0.33333
113,783,68.62466,53.76962,0,0.90608,1.60670,3.20118,7.05534,16.73204,0.50000
114,786,66.75719,51.78573,0,0.55563,1.53837,2.99380,6.49601,15.26143,0.25001
114,787,68.04836,52.37050,0,0.91448,1.44351,2.62164,5.25474,11.34234,1.00000
114,788,67.38586,53.79464,0,1.25117,1.60405,3.15557,6.83142,15.87774,1.00000
114,789,65.47748,54.16236,0,0.96891,1.43845,2.66109,5.50340,12.39219,1.00000
114,790,66.80066,52.78094,0,1.23343,1.48351,2.82902,6.09170,14.37219,1.00000
114,791,67.48118,53.44670,0,1.48669,1.65566,3.33158,7.34838,17.32865,1.00000
114,792,68.32838,51.69919,0,1.65588,1.41087,2.51339,4.97661,10.71265,1.00000
114,793,68.25318,51.75869,0,1.32736,1.52412,2.87650,6.00524,13.54255,1.00000
114,794,66.45985,51.63950,0,2.02080,1.59616,3.13848,6.80551,15.86124,1.00000
114,795,66.28443,52.69078,0,2.31567,1.44854,2.60035,5.15082,11.01320,1.00000
114,796,67.45294,51.49414,0,1.37411,1.56833,3.08611,6.75654,15.98783,1.00000
114,797,69.55653,49.80047,0,1.40842,1.50997,2.85633,6.01699,13.75884,1.00000
114,798,69.49937,48.80502,0,2.60232,1.46783,2.67156,5.37071,11.66400,1.00000
114,799,68.70616,49.37497,0,1.81463,1.42421,2.55297,5.09664,11.07882,1.00000
114,800,68.67050,48.91059,0,1.67471,1.61927,3.25364,7.21234,17.16186,1.00000
114,801,68.85330,49.23179,0,1.93606,1.50481,2.81884,5.86851,13.24919,1.00000
114,802,69.39324,49.71778,0,2.08655,1.43781,2.57574,5.12254,11.06475,1.00000
114,803,69.90316,50.65201,0,2.09401,1.41005,2.49710,4.91536,10.53332,1.00000
114,804,68.51147,50.70124,0,1.18075,1.37295,2.43208,4.85413,10.66948,1.00000
114,805,69.48541,52.47656,0,1.69194,1.55856,2.97702,6.26092,14.15089,1.00000
114,806,68.62606,52.77402,0,2.27866,1.54318,2.95113,6.22560,14.13171,1.00000
114,807,70.22807,52.94899,0,1.73702,1.57588,3.07189,6.61791,15.35827,1.00000
114,808,69.49825,52.68544,0,2.08903,1.53548,2.88948,5.98837,13.35107,1.00000
114,809,69.03457,51.84734,0,2.86306,1.51088,2.84226,5.92794,13.37360,1.00000
114,810,69.20850,52.08296,0,3.23390,1.48057,2.72746,5.55416,12.21402,1.00000
114,811,68.76897,51.23910,0,3.58189,1.51187,2.84409,5.92161,13.31602,1.00000
114,812,67.34783,51.68097,0,3.40204,1.47406,2.68558,5.38469,11.61597,1.00000
114,813,68.45912,50.99509,0,3.46837,1.41888,2.52842,5.00029,10.73348,1.00000
114,814,68.30295,51.32996,0,3.54995,1.38861,2.40638,4.59031,9.44213,1.00000
114,815,67.31831,52.07894,0,3.73847,1.46384,2.65610,5.30897,11.42486,1.00000
114,816,66.24135,53.05465,0,4.08878,1.47176,2.69039,5.43488,11.85548,1.00000
114,817,66.41898,53.33503,0,3.97963,1.43672,2.54743,4.95444,10.34678,1.00000
114,818,66.54509,53.16416,0,4.31210,1.50591,2.81380,5.81598,12.98043,1.00000
114,819,66.40728,53.14780,0,4.32164,1.40724,2.46912,4.78655,10.04080,1.00000
114,820,66.90312,54.52435,0,2.91280,1.48971,2.73003,5.49622,11.87985,1.00000
114,821,66.53738,57.34468,0,3.09777,1.46116,2.63342,5.21017,11.07418,1.00000
114,822,67.26644,56.73085,0,4.03263,1.41049,2.47914,4.80308,10.03695,1.00000
114,823,67.83944,56.38068,0,2.20973,1.47070,2.66451,5.30876,11.37560,1.00000
114,824,67.59099,57.29681,0,2.45916,1.36970,2.33163,4.35571,8.75331,1.00000
114,825,66.42985,56.60413,0,4.38387,1.38902,2.39842,4.55027,9.29788,1.00000
114,826,65.33618,56.11887,0,4.96409,1.37111,2.36749,4.53490,9.44286,1.00000
114,827,64.87478,56.78522,0,4.79809,1.42280,2.51509,4.89399,10.26053,1.00000
114,828,64.67740,56.33573,0,3.66086,1.42733,2.52610,4.90780,10.24440,1.00000
114,829,65.33963,56.31079,0,2.25819,1.48977,2.73156,5.50390,11.91639,1.00000
114,830,65.78970,59.68938,0,1.37438,1.50985,2.81494,5.77870,12.75376,0.50023
114,831,66.58687,58.37633,0,0.93142,1.54214,2.98056,6.40159,14.87176,0.89537
114,832,68.08184,58.57123,0,0.77124,1.48806,2.80660,5.86853,13.24767,0.40562
115,831,77.62980,70.41362,0,0.99567,1.53766,2.95674,6.28892,14.39869,0.89537
115,832,75.80831,69.58484,0,1.13068,1.52995,2.95040,6.36535,14.94025,0.36555
116,832,74.73077,47.22705,0,0.94218,1.50449,2.84402,5.96787,13.53692,0.43746
116,833,74.13606,47.26649,0,1.63808,1.52068,2.86093,5.92606,13.19158,1.00000
116,834,75.37531,46.67256,0,1.46675,1.47054,2.65186,5.26609,11.26802,1.00000
116,835,72.25376,48.44579,0,1.22482,1.47247,2.73411,5.67264,12.81997,0.33334
116,836,72.58958,47.76399,0,1.16339,1.34211,2.21286,3.98511,7.68911,0.50000
117,835,75.22746,68.46897,0,1.12387,1.59865,3.18559,7.01448,16.60930,0.33334
117,836,75.05463,68.42384,0,1.67911,1.52577,2.92877,6.25147,14.44737,0.50000
117,837,74.35116,68.70415,0,1.67120,1.52809,2.89057,6.04304,13.63354,1.00000
117,838,74.23019,68.42184,0,3.60418,1.43401,2.55505,5.03243,10.72667,1.00000
117,839,75.96410,67.21854,0,2.74016,1.44863,2.62707,5.28559,11.53336,1.00000
117,840,75.38171,67.17030,0,2.60961,1.51179,2.83762,5.91900,13.38994,1.00000
118,841,67.11766,56.61127,0,1.87575,1.42395,2.54682,5.05948,10.91207,1.00000
118,842,64.65210,56.58884,0,1.89431,1.38054,2.37524,4.50618,9.23998,0.50002
118,843,64.79677,57.13159,0,2.64344,1.42212,2.51904,4.91110,10.30614,0.50000
119,842,76.60571,67.37965,0,1.66851,1.49790,2.77147,5.65536,12.42969,0.50002
119,843,76.92496,67.03042,0,2.45135,1.57144,3.05759,6.58030,15.26116,0.50000
119,844,77.38025,67.25846,0,2.90059,1.43928,2.58200,5.12698,11.02522,1.00000
120,845,65.57965,56.04032,0,3.45633,1.46183,2.66075,5.35101,11.61982,1.00000
120,846,65.24420,54.72232,0,2.62100,1.40511,2.47356,4.82671,10.23172,1.00000
120,847,66.73251,53.82434,0,1.09221,1.56467,3.03044,6.48765,14.95900,0.64523
120,848,66.13075,53.10645,0,1.06217,1.36580,2.37416,4.59875,9.72167,0.50000
120,849,66.63234,53.88739,0,0.94918,1.42517,2.63132,5.46461,12.42683,0.50909
120,850,68.70671,52.34041,0,1.31501,1.49927,2.82269,5.89240,13.29243,0.50000
120,851,67.91311,51.42347,0,1.88809,1.45274,2.63038,5.26606,11.38618,1.00000
120,852,68.18223,52.08038,0,2.53279,1.50043,2.79049,5.73199,12.69816,1.00000
120,853,67.29939,51.39010,0,3.12224,1.37816,2.37000,4.49102,9.19547,1.00000
120,854,66.56365,52.65743,0,3.18005,1.38762,2.40056,4.56681,9.35712,1.00000
120,855,67.05186,52.29452,0,3.11451,1.52406,2.86563,5.93490,13.22091,1.00000
120,856,66.52385,52.15573,0,2.09913,1.43380,2.57851,5.15825,11.22512,1.00000
120,857,67.21150,52.91141,0,2.37978,1.51397,2.87416,6.06994,13.89814,1.00000
120,858,67.53271,52.41803,0,2.24792,1.43094,2.55307,5.02729,10.68809,1.00000
120,859,66.78625,52.25972,0,3.70327,1.40357,2.44873,4.70307,9.73932,1.00000
120,860,67.27419,52.09609,0,4.75797,1.42790,2.53862,4.97878,10.53692,1.00000
120,861,67.57210,52.22316,0,3.71350,1.42583,2.52783,4.94103,10.42189,1.00000
120,862,67.03724,51.71265,0,2.08975,1.46812,2.72086,5.61256,12.57151,1.00000
120,863,66.52290,51.86081,0,2.28456,1.44406,2.61549,5.25953,11.47736,1.00000
120,864,67.19054,51.65537,0,3.10941,1.45071,2.61615,5.21371,11.23610,1.00000
120,865,67.48698,52.61160,0,5.17794,1.40237,2.42409,4.58107,9.27226,1.00000
120,866,66.82751,52.61571,0,2.73637,1.38144,2.36459,4.43849,8.95352,1.00000
120,867,67.07812,51.69954,0,2.44072,1.44241,2.58968,5.12827,10.95683,1.00000
120,868,67.60863,52.37886,0,2.70328,1.34227,2.25481,4.16709,8.31140,1.00000
120,869,66.63603,52.97699,0,4.42655,1.45315,2.64083,5.31804,11.59433,1.00000
120,870,66.28265,52.59104,0,2.46570,1.50289,2.78843,5.69644,12.52204,0.50030
121,847,76.75696,50.65509,0,1.19650,1.53154,2.91276,6.12736,13.90657,0.64523
121,848,77.94019,49.44675,0,1.37606,1.61643,3.18405,6.86318,15.79569,0.50000
121,849,77.95250,48.63551,0,1.18184,1.50461,2.79259,5.72558,12.66432,0.50909
121,850,79.35263,48.91538,0,1.64833,1.40619,2.46058,4.71495,9.68132,0.50000
122,870,77.67635,67.14449,0,2.08642,1.47633,2.71983,5.55007,12.25378,0.50030
122,871,76.53065,67.88348,0,2.53701,1.48401,2.73186,5.56325,12.25054,1.00000
122,872,77.58672,68.39292,0,3.90935,1.40487,2.46160,4.76564,9.98936,1.00000
122,873,78.90556,67.59320,0,3.11413,1.48343,2.75556,5.67372,12.63542,1.00000
122,874,79.23746,68.22826,0,2.35433,1.37970,2.38519,4.55348,9.40368,1.00000
122,875,78.32983,68.15309,0,3.34059,1.45819,2.65002,5.32726,11.57292,0.50000
122,876,79.18079,68.14666,0,2.75121,1.45120,2.63296,5.29270,11.51961,0.50056
122,877,78.67600,68.13737,0,2.24774,1.48590,2.71229,5.44893,11.78512,0.50000
122,878,78.84973,67.94057,0,2.45245,1.48000,2.71678,5.49343,11.95878,0.50037
122,879,79.67944,67.55831,0,2.02388,1.42679,2.52663,4.92546,10.34461,0.86102
122,880,80.01917,67.60706,0,2.56661,1.41352,2.51480,4.97153,10.68775,1.00000
122,881,80.00816,68.31892,0,2.64246,1.49715,2.79199,5.77221,12.90907,1.00000
122,882,80.32626,68.80913,0,2.46247,1.53392,2.92271,6.16724,14.05593,1.00000
122,883,81.37185,68.57761,0,1.02731,1.41315,2.58029,5.30774,11.97529,0.50172
122,884,79.70531,68.94431,0,2.18324,1.57834,3.08691,6.66282,15.46234,1.00000
122,885,79.53755,67.57851,0,2.52962,1.53935,2.92392,6.13556,13.88653,1.00000
122,886,78.82353,66.84963,0,2.27067,1.45520,2.63464,5.27075,11.39597,1.00000
123,875,70.35143,50.31264,0,2.35191,1.41540,2.49997,4.86456,10.20545,0.50000
123,876,69.64063,51.27501,0,2.47296,1.52130,2.87457,6.01019,13.57341,0.50056
123,877,71.46214,52.28068,0,1.75727,1.43528,2.61264,5.29612,11.67838,0.50000
123,878,72.57538,52.90346,0,2.08945,1.44869,2.60608,5.17832,11.12084,0.50037
123,879,71.67238,53.80565,0,1.99401,1.40191,2.45166,4.73018,9.85209,0.86102
124,887,65.64973,57.72285,0,0.86597,1.62238,3.23902,7.13479,16.89268,0.33333
124,888,67.13589,58.09366,0,0.75641,1.57722,3.13284,6.89775,16.36520,0.51816
124,889,64.51545,57.85798,0,0.82093,1.56077,3.00583,6.42968,14.85186,0.51033
124,890,64.16322,57.84477,0,1.10537,1.44062,2.62027,5.31643,11.75277,1.00000
124,891,65.89329,58.80551,0,1.31723,1.78472,3.86610,9.14289,22.95752,0.50000
125,891,66.55219,61.07677,0,1.33420,1.64490,3.30825,7.35692,17.60461,0.50000
125,892,65.59674,60.28017,0,3.20067,1.62925,3.27555,7.28797,17.45390,1.00000
125,893,64.50475,59.29844,0,2.84229,1.59234,3.08204,6.54594,14.89572,1.00000
125,894,64.96589,58.28876,0,2.54618,1.50117,2.79362,5.73779,12.69670,0.50368
125,895,64.86113,58.55708,0,2.76057,1.53496,2.89716,6.02152,13.44261,0.50000
125,896,65.17531,59.84530,0,2.16413,1.60282,3.18173,6.97794,16.46524,0.50000
125,897,64.61456,58.68449,0,3.10184,1.56280,3.01679,6.45410,14.91769,1.00000
125,898,65.54148,60.34043,0,1.91871,1.56423,3.02459,6.46302,14.88224,0.50000
125,899,65.04079,60.20090,0,4.25458,1.48536,2.73747,5.56662,12.20080,1.00000
125,900,65.14190,60.66208,0,3.46321,1.43072,2.54895,5.00992,10.62989,1.00000
125,901,65.00306,60.23183,0,3.46506,1.47179,2.70510,5.49249,12.03456,0.50000
125,902,65.66161,59.62754,0,1.98003,1.45345,2.62497,5.24675,11.35829,0.51214
126,894,77.39335,67.54917,0,2.28300,1.54657,2.96382,6.26921,14.27470,0.50368
126,895,77.34596,67.31087,0,2.15729,1.46148,2.63232,5.20349,11.04468,0.50000
126,896,76.77887,67.71175,0,2.12114,1.44466,2.59539,5.14798,11.03159,0.50000
127,901,81.16704,68.36404,0,2.40543,1.45610,2.63201,5.24036,11.23721,0.50000
127,902,80.62428,69.10300,0,2.22980,1.48487,2.73442,5.56548,12.23310,0.51214
127,903,80.29573,68.97250,0,3.41263,1.47006,2.69594,5.46403,11.95243,1.00000
127,904,79.25309,67.87983,0,4.00020,1.45875,2.65050,5.32968,11.59756,1.00000
128,905,65.08150,61.18257,0,2.01868,1.34955,2.28255,4.24852,8.52773,1.00000
128,906,66.11176,61.65797,0,2.76007,1.45412,2.64075,5.31569,11.59389,1.00000
128,907,66.75027,60.92249,0,3.80232,1.37823,2.37829,4.52164,9.27603,1.00000
128,908,66.76590,62.37538,0,1.32612,1.39751,2.47591,4.89264,10.55612,0.52104
129,908,69.51247,56.86375,0,1.51513,1.36923,2.30966,4.26693,8.46093,0.52104
129,909,69.36635,57.83422,0,1.35557,1.42397,2.54998,5.08484,11.04399,0.50007
129,910,69.31067,58.61659,0,1.18661,1.52546,2.95411,6.35364,14.73479,0.25220
130,909,79.25254,53.57967,0,1.73312,1.36443,2.36247,4.54541,9.51609,0.50007
130,910,78.21109,52.32632,0,1.27832,1.45007,2.62071,5.23623,11.30791,0.46139
131,910,84.40520,66.18314,0,1.35481,1.46332,2.68222,5.46903,12.11891,0.55163
131,911,82.58513,64.44289,0,2.09728,1.41008,2.47307,4.77469,9.93616,1.00000
131,912,84.48396,66.06003,0,1.57484,1.45860,2.66703,5.39481,11.79102,0.50759
131,913,85.16109,65.01530,0,1.55000,1.43900,2.61813,5.31483,11.74858,0.53969
131,914,84.88770,64.90916,0,1.55404,1.43032,2.57304,5.13586,11.12212,0.38338
132,912,78.71815,50.45801,0,1.46940,1.53890,2.93655,6.19569,14.09096,0.50759
132,913,79.85147,50.55831,0,1.97460,1.50601,2.80924,5.78705,12.85761,0.33334
132,914,80.45684,48.64616,0,1.74233,1.43120,2.52332,4.87195,10.09394,0.38348
133,913,69.32095,58.26233,0,1.50301,1.40988,2.53221,5.05297,10.94917,0.53969
133,914,69.47534,57.23246,0,1.97531,1.50748,2.85069,5.98557,13.59869,0.33344
133,915,70.24671,56.96160,0,2.21476,1.47944,2.74757,5.69304,12.84191,1.00000
133,916,69.30505,55.77806,0,1.70079,1.57493,3.05452,6.54433,15.10879,0.50000
133,917,70.00829,54.55228,0,1.76384,1.46897,2.70394,5.53375,12.29080,0.50001
133,918,71.90822,54.39185,0,1.41214,1.56745,3.07470,6.68603,15.67741,0.50577
133,919,70.65940,56.51431,0,1.86778,1.44058,2.59411,5.17814,11.21490,0.63353
133,920,69.79415,57.06232,0,2.17374,1.41140,2.51830,5.00779,10.84677,0.50001
133,921,69.69186,55.76778,0,1.89808,1.58702,3.09583,6.66531,15.44690,0.50000
133,922,69.63467,55.73550,0,2.23215,1.44460,2.60743,5.18367,11.09900,1.00000
133,923,70.51555,54.71574,0,1.53502,1.47545,2.70259,5.46512,11.92310,0.50004
134,916,84.75975,63.30347,0,1.42443,1.41910,2.51445,4.91458,10.36655,0.50000
134,917,83.03840,62.64926,0,2.20900,1.51596,2.83689,5.84536,12.94834,0.50001
134,918,82.93183,61.67652,0,1.52708,1.49886,2.79898,5.78451,12.92146,0.50577
134,919,82.78548,61.66605,0,1.70543,1.43731,2.60109,5.21749,11.33681,0.63353
134,920,81.93780,61.65602,0,1.77223,1.47790,2.73864,5.61191,12.41208,0.50001
134,921,81.30258,61.59945,0,1.68014,1.42489,2.50562,4.83287,10.01181,0.50000
135,924,76.45123,48.74093,0,1.15502,1.36770,2.32931,4.36237,8.81378,1.00000
135,925,75.40919,52.17986,0,1.28128,1.46671,2.71742,5.61461,12.61527,0.50881
136,925,70.18665,56.60983,0,0.99833,1.47084,2.74430,5.72491,13.01307,0.50881
136,926,69.91131,56.63321,0,1.54418,1.43984,2.60352,5.20862,11.25692,0.69885
136,927,69.13013,55.62460,0,2.73403,1.45485,2.64851,5.34656,11.69534,1.00000
137,928,66.46045,62.78094,0,3.17921,1.38941,2.39006,4.49979,9.08520,1.00000
137,929,65.56166,61.09548,0,4.29351,1.43862,2.58220,5.11986,10.96815,1.00000
137,930,64.98629,61.74030,0,3.45762,1.38870,2.42726,4.70776,9.92391,1.00000
137,931,67.15174,61.57919,0,5.71512,1.50468,2.80396,5.77196,12.82146,1.00000
137,932,66.47266,63.19242,0,5.43678,1.35618,2.30315,4.31443,8.74321,1.00000
137,933,67.97765,63.11240,0,3.92382,1.48670,2.75701,5.68044,12.69188,0.50000
137,934,68.47876,64.44214,0,5.35375,1.37716,2.34852,4.38011,8.75253,1.00000
137,935,68.40892,63.17585,0,4.46773,1.48820,2.75432,5.63735,12.46360,1.00000
137,936,67.32311,62.68268,0,6.06212,1.36671,2.33395,4.39004,8.91855,1.00000
137,937,68.32219,63.60820,0,4.44837,1.42522,2.54154,5.00555,10.65756,1.00000
137,938,69.23479,63.71450,0,4.05045,1.41088,2.46360,4.72826,9.77235,1.00000
137,939,69.04625,64.01844,0,3.30563,1.45169,2.63642,5.30705,11.56460,1.00000
137,940,70.32423,63.43766,0,2.40989,1.47170,2.68849,5.40928,11.70671,0.50010
137,941,69.78643,64.32723,0,1.87294,1.44514,2.61928,5.25073,11.37409,0.98965
138,940,66.75646,59.87273,0,2.01969,1.42059,2.55475,5.11489,11.13246,0.50010
138,941,66.55460,59.97962,0,1.85290,1.44154,2.61518,5.27594,11.56149,0.98965
138,942,66.75705,60.70403,0,3.23632,1.48196,2.70759,5.44525,11.78992,1.00000
138,943,67.00642,59.44876,0,5.01801,1.38610,2.41171,4.64175,9.67712,1.00000
138,944,66.91673,59.33286,0,4.52833,1.39091,2.41403,4.60899,9.47475,1.00000
138,945,65.65756,58.28363,0,4.27700,1.40258,2.44571,4.69900,9.74692,1.00000
138,946,65.99506,56.68873,0,3.36400,1.47977,2.72388,5.55069,12.23783,0.50000
138,947,65.71557,57.55767,0,3.54936,1.39355,2.41859,4.62729,9.56591,1.00000
138,948,65.85970,55.98926,0,3.20624,1.56106,3.00486,6.38619,14.60756,1.00000
138,949,67.36460,56.36664,0,2.67488,1.53543,2.89882,6.03193,13.51017,1.00000
139,950,72.55721,68.01523,0,1.83087,1.63839,3.28438,7.22195,16.98078,1.00000
139,951,70.63465,67.05148,0,1.66983,1.43247,2.55219,5.01051,10.60153,1.00000
139,952,69.99365,64.35152,0,1.87951,1.39968,2.46351,4.80124,10.13889,1.00000
139,953,68.86818,65.64790,0,1.95476,1.42210,2.54279,5.03749,10.80940,0.50046
139,954,68.49702,65.94707,0,3.23246,1.45381,2.63995,5.29937,11.49096,1.00000
139,955,68.47075,65.40161,0,1.90580,1.42966,2.54736,5.01212,10.66084,1.00000
139,956,69.47585,63.52484,0,2.30384,1.47623,2.71869,5.56887,12.39608,0.50000
139,957,68.27848,58.54426,0,3.56075,1.58635,3.09472,6.68215,15.56388,1.00000
139,958,67.40595,60.37602,0,4.44240,1.51404,2.83879,5.88146,13.15341,1.00000
139,959,68.05547,60.29887,0,2.94588,1.48395,2.76039,5.69533,12.71620,1.00000
139,960,67.87237,61.12959,0,2.64699,1.49604,2.79103,5.75815,12.82223,0.51368
139,961,69.16968,62.30952,0,2.39137,1.36019,2.33176,4.42812,9.13067,0.50000
140,960,68.21976,55.53602,0,2.77544,1.42766,2.55550,5.08329,10.99254,0.51368
140,961,67.90141,54.64271,0,3.49612,1.42324,2.52304,4.93137,10.39858,0.50000
140,962,67.48991,54.70969,0,4.49353,1.39487,2.41353,4.59040,9.40698,1.00000
140,963,67.72530,55.92454,0,3.46908,1.41075,2.47459,4.78332,9.96733,1.00000
140,964,68.27276,55.66864,0,3.41464,1.37069,2.34057,4.40370,8.95504,0.56834
141,964,68.50891,62.48654,0,3.58288,1.41081,2.44778,4.64874,9.46726,0.56834
141,965,68.10694,63.11354,0,3.63631,1.46755,2.68025,5.40946,11.78821,1.00000
141,966,67.77067,62.18907,0,4.50903,1.37834,2.36858,4.47415,9.09656,1.00000
141,967,66.76257,61.78030,0,4.68089,1.41435,2.49430,4.86170,10.25543,1.00000
141,968,67.05964,62.32428,0,5.37498,1.38903,2.42208,4.67406,9.77344,1.00000
141,969,66.28345,62.23678,0,4.36024,1.51780,2.90954,6.23267,14.51521,0.50014
142,969,65.61696,58.63766,0,4.75551,1.49260,2.82676,6.00710,13.93955,0.50014
142,970,65.29127,58.38625,0,3.60432,1.40490,2.48310,4.87841,10.43020,1.00000
142,971,66.62965,57.31045,0,3.43131,1.35634,2.31556,4.37643,8.98165,1.00000
142,972,65.97490,58.76483,0,3.64271,1.59254,3.14895,6.90564,16.33922,0.50142
143,972,66.55730,62.07177,0,3.42583,1.50819,2.88401,6.19536,14.53095,0.50142
143,973,66.21426,61.47091,0,7.60305,1.57253,3.04463,6.51440,15.02317,1.00000
143,974,66.38411,61.94148,0,5.61457,1.44947,2.67063,5.51943,12.47518,1.00000
143,975,66.23444,60.37532,0,7.97059,1.60889,3.15727,6.81440,15.78178,1.00000
143,976,66.99886,60.34601,0,7.56210,1.51992,2.88365,6.07099,13.82398,1.00000
143,977,66.38750,61.08859,0,5.65324,1.46147,2.66765,5.40269,11.87009,1.00000
143,978,67.35163,61.60450,0,5.28514,1.43109,2.56033,5.07551,10.91467,1.00000
143,979,68.94450,60.40170,0,4.26014,1.64920,3.33256,7.40598,17.63568,1.00000
143,980,68.93404,60.43533,0,2.25469,1.49856,2.79910,5.79330,12.96705,0.64486
143,981,68.32630,59.58023,0,3.42832,1.54779,2.95157,6.20797,14.05945,1.00000
143,982,68.37384,61.06074,0,2.01183,1.42164,2.55679,5.11404,11.11659,0.50002
144,982,69.66025,53.01630,0,1.57399,1.39488,2.47349,4.90475,10.63682,0.50002
144,983,69.04127,50.60613,0,1.97219,1.47603,2.71328,5.53723,12.25490,1.00000
144,984,68.43891,49.82639,0,2.35373,1.47781,2.70359,5.45525,11.86454,1.00000
144,985,67.09345,51.39747,0,3.99987,1.49363,2.76002,5.61713,12.30377,1.00000
144,986,67.36564,51.41999,0,4.00925,1.41683,2.48880,4.79634,9.92489,1.00000
144,987,68.17411,51.63634,0,2.84206,1.38124,2.39674,4.59936,9.56847,1.00000
144,988,69.59761,52.87752,0,1.87806,1.53028,2.91969,6.18599,14.19059,0.34365
145,988,79.62813,53.22536,0,1.71274,1.48056,2.71432,5.48739,11.95317,0.34367
145,989,78.82297,53.61153,0,1.75804,1.59278,3.09166,6.59648,15.10284,1.00000
145,990,79.85928,54.44932,0,1.93416,1.44675,2.63310,5.33058,11.73158,1.00000
145,991,80.22701,55.30239,0,1.69466,1.43074,2.58066,5.18937,11.37011,0.50000
145,992,80.68900,56.65068,0,1.80912,1.40135,2.42674,4.61658,9.45542,1.00000
146,993,67.72614,61.34772,0,3.52228,1.42233,2.49544,4.80374,9.93626,1.00000
146,994,68.16293,63.16037,0,3.92881,1.42352,2.51939,4.91159,10.32007,1.00000
